,#,Name,Type 1,Type 2,HP,Attack,Defense,Sp. Atk,Sp. Def,Speed,Generation,Legendary,PCA1,PCA2,PCA3
0,1,Bulbasaur,Grass,Poison,45,49,49,65,65,45,1,False,-45.86454431849347,-5.388729876434815,18.926868731767374
1,2,Ivysaur,Grass,Poison,60,62,63,80,80,60,1,False,-11.15680656605586,-5.810124225587204,20.850088936332153
2,3,Venusaur,Grass,Poison,80,82,83,100,100,80,1,False,36.94206846465092,-5.24091712018226,21.521914694161715
3,4,Mega Venusaur,Grass,Poison,80,100,123,122,120,80,1,False,80.12445084001517,18.990183383041366,29.31558210038912
4,5,Charmander,Fire,,39,52,43,60,50,65,1,False,-50.38976884320853,-21.797099599112645,3.923200846581772
5,6,Charmeleon,Fire,,58,64,58,80,65,80,1,False,-12.046155901834187,-23.347534247627102,8.306330966341925
6,7,Charizard,Fire,Flying,78,84,78,109,85,100,1,False,40.633535236087255,-26.22813434342441,12.441205916426583
7,8,Mega Charizard X,Fire,Dragon,78,130,111,130,85,100,1,False,86.55608140475387,-7.81469805046723,-11.708316757930113
8,9,Mega Charizard Y,Fire,Flying,78,104,78,159,115,100,1,False,87.77142320217432,-38.64616509495904,33.29543756899481
9,10,Squirtle,Water,,44,48,65,50,64,43,1,False,-49.25166802429522,12.3438207854107,14.356055426798783
10,11,Wartortle,Water,,59,63,80,65,80,58,1,False,-12.783142629100105,12.944614843097522,15.400714009441295
11,12,Blastoise,Water,,79,83,100,85,105,78,1,False,37.287578012431666,14.383265591667602,18.776486088622285
12,13,Mega Blastoise,Water,,79,103,120,135,115,78,1,False,84.15078209162458,12.391647928176797,29.645131641403708
13,14,Caterpie,Bug,,45,30,35,20,20,45,1,False,-101.20906847281148,-7.151975825525664,-9.42685551960497
14,15,Metapod,Bug,,50,20,55,25,25,30,1,False,-97.41339839672915,13.791984444404553,5.2016883565462555
15,16,Butterfree,Bug,Flying,60,45,50,90,80,70,1,False,-16.121827665048233,-25.743080307363023,35.13486823482875
16,17,Weedle,Bug,Poison,40,35,30,20,20,50,1,False,-100.51552799190715,-13.336789519997218,-13.711994500373335
17,18,Kakuna,Bug,Poison,45,25,50,25,25,35,1,False,-96.71985791582483,7.607170749932995,0.9165493757778967
18,19,Beedrill,Bug,Poison,65,90,40,45,80,75,1,False,-17.511784953468382,-14.670961454047601,-16.480150124942377
19,20,Mega Beedrill,Bug,Poison,65,150,40,15,80,145,1,False,19.700520591524228,-38.904827627993896,-81.93465876916412
20,21,Pidgey,Normal,Flying,40,45,40,35,35,56,1,False,-76.26647170941183,-12.217100441515905,-7.58205602904759
21,22,Pidgeotto,Normal,Flying,63,60,55,50,50,71,1,False,-37.785846996059114,-11.452485069638447,-7.550080080158785
22,23,Pidgeot,Normal,Flying,83,80,75,70,70,101,1,False,13.58562586120079,-16.644125445150472,-8.318995175543696
23,24,Mega Pidgeot,Normal,Flying,83,80,80,135,80,121,1,False,59.0613592604967,-47.866160436384725,19.425876390087414
24,25,Rattata,Normal,,30,56,35,25,35,72,1,False,-75.60956129086662,-20.657525143800772,-21.38749156468404
25,26,Raticate,Normal,,55,81,60,50,70,97,1,False,-11.542276280833232,-18.20712897571444,-15.139816724694303
26,27,Spearow,Normal,Flying,40,60,30,31,31,70,1,False,-71.71120184318099,-25.248510800921792,-24.672939188824667
27,28,Fearow,Normal,Flying,65,90,65,61,61,100,1,False,0.8362425667790482,-21.12972200440297,-23.162717399748395
28,29,Ekans,Poison,,35,60,44,40,54,55,1,False,-59.14394645171907,-6.5357434364617415,-5.734552852671513
29,30,Arbok,Poison,,60,85,69,65,79,80,1,False,0.9796473366644862,-5.824234554705357,-4.894770655384445
30,31,Pikachu,Electric,,35,55,40,50,50,90,1,False,-48.16453356597235,-34.39094691671918,-5.606358183604756
31,32,Raichu,Electric,,60,90,55,90,80,110,1,False,21.051869117642713,-41.8658916745063,-3.2899144047771656
32,33,Sandshrew,Ground,,50,75,85,20,30,40,1,False,-56.185756160845344,35.883404771136235,-34.38739686532807
33,34,Sandslash,Ground,,75,100,110,45,55,65,1,False,3.9378376275382,36.59491365289262,-33.54761466804101
34,35,Nidoran♀,Poison,,55,47,52,40,40,41,1,False,-66.59309394885456,4.505864088688847,-2.6406236118387025
35,36,Nidorina,Poison,,70,62,67,55,55,56,1,False,-30.51893767582443,4.932769417742674,-2.136754293466462
36,37,Nidoqueen,Poison,Ground,90,92,87,75,85,76,1,False,26.4525465403939,8.00631528533313,-3.3613401203013153
37,38,Nidoran♂,Poison,,46,57,40,40,40,50,1,False,-65.99373407030143,-8.635883562879975,-11.208834077801257
38,39,Nidorino,Poison,,61,72,57,55,55,65,1,False,-29.15830794163075,-6.818559467755776,-10.621944840867164
39,40,Nidoking,Poison,Ground,81,102,77,85,75,85,1,False,28.959280727620566,-9.317019998942316,-13.406590874565776
40,41,Clefairy,Fairy,,70,45,48,60,65,35,1,False,-46.51402821974462,2.3426310711523417,19.849238319092816
41,42,Clefable,Fairy,,95,70,73,95,90,60,1,False,18.699361243321793,-0.7789791595383261,24.5368529522188
42,43,Vulpix,Fire,,38,41,40,50,65,65,1,False,-56.42855078416551,-18.32548808507015,16.15639881824342
43,44,Ninetales,Fire,,73,76,75,81,100,100,1,False,25.70856224969831,-15.796128005632385,15.792960920109753
44,45,Jigglypuff,Normal,Fairy,115,45,20,45,25,20,1,False,-71.95377636035113,-7.788211918223463,-9.209648688864716
45,46,Wigglytuff,Normal,Fairy,140,70,45,85,50,45,1,False,-4.195489059943286,-12.826381705137653,-2.5981178378192835
46,47,Zubat,Poison,Flying,40,45,35,30,40,55,1,False,-79.06995835768504,-12.331059409211619,-6.865501636698892
47,48,Golbat,Poison,Flying,75,80,70,65,75,90,1,False,5.103072946051938,-11.334946974752683,-5.689806560497001
48,49,Oddish,Grass,Poison,45,50,55,75,65,30,1,False,-42.90694402033222,3.6672236782904997,24.45444178037711
49,50,Gloom,Grass,Poison,60,65,70,85,75,40,1,False,-12.98583010874498,8.021668660861453,21.050818986085844
50,51,Vileplume,Grass,Poison,75,80,85,110,90,50,1,False,26.541822925691466,7.495878617926791,26.12289116690427
51,52,Paras,Bug,Grass,35,70,55,45,55,25,1,False,-56.90657080198717,17.416882867941567,-5.795319486115082
52,53,Parasect,Bug,Grass,60,95,80,60,80,30,1,False,-8.417968341392609,33.48320582397927,-5.9218880182378015
53,54,Venonat,Bug,Poison,60,55,50,40,55,45,1,False,-54.68261069510818,4.242867217195625,-1.3264776454532663
54,55,Venomoth,Bug,Poison,70,65,60,90,75,90,1,False,5.123793133562238,-29.229084576770056,14.766064633268916
55,56,Diglett,Ground,,10,55,25,35,45,95,1,False,-69.3645115688573,-43.87462026102375,-13.950406194899918
56,57,Dugtrio,Ground,,35,80,50,50,70,120,1,False,-14.330713455156594,-39.32999226682031,-16.95845643345176
57,58,Meowth,Normal,,40,45,35,40,40,90,1,False,-62.52607029006645,-36.32714470486864,-8.060262187110947
58,59,Persian,Normal,,65,70,60,65,65,115,1,False,-2.4024765016829104,-35.61563582311224,-7.220479989823875
59,60,Psyduck,Water,,50,52,48,65,50,55,1,False,-45.9054000878752,-14.012413450360636,6.84655433108071
60,61,Golduck,Water,,80,82,78,95,80,85,1,False,26.242912458185057,-13.158602792252978,7.85429296782519
61,62,Mankey,Fighting,,40,80,35,35,45,70,1,False,-52.39310529617342,-19.340366378151952,-29.96381517303508
62,63,,Fighting,,65,105,60,60,70,95,1,False,7.730488492210144,-18.628857496395568,-29.12403297574801
63,64,Growlithe,Fire,,55,70,45,70,50,60,1,False,-32.49001301056554,-19.3061434628438,-5.517110720637976
64,65,Arcanine,Fire,,90,110,80,100,80,95,1,False,49.63073382693588,-16.8801893773986,-12.621430297390464
65,66,Poliwag,Water,,40,50,40,40,40,90,1,False,-58.15843666903425,-32.468372051765,-11.5048645043899
66,67,Poliwhirl,Water,,65,65,65,50,50,90,1,False,-24.695485755394056,-14.978848204395533,-13.642513564511624
67,68,Poliwrath,Water,Fighting,90,95,95,70,90,70,1,False,28.43969042966627,20.040137480310015,-3.576077098903427
68,69,Abra,Psychic,,25,20,15,105,55,90,1,False,-47.97398336381761,-75.08511068691611,43.37784906047682
69,70,Kadabra,Psychic,,40,35,30,120,70,105,1,False,-11.89982709078745,-74.65820535786229,43.88171837884908
70,71,Alakazam,Psychic,,55,50,45,135,95,120,1,False,28.118020403892526,-72.49241274247852,49.79348033992399
71,72,Mega Alakazam,Psychic,,55,50,65,175,95,150,1,False,65.90769513868867,-91.20324397431439,61.69278670925449
72,73,Machop,Fighting,,70,80,50,35,35,35,1,False,-53.05710834224511,10.778265924844447,-31.476065575835765
73,74,Machoke,Fighting,,80,100,70,50,60,45,1,False,-11.811968915011061,19.472186157025654,-27.993602149505357
74,75,Machamp,Fighting,,90,130,80,65,85,55,1,False,30.555739197881817,21.979464034710404,-32.23054254335144
75,76,Bellsprout,Grass,Poison,50,75,35,70,30,40,1,False,-49.768524178444984,-18.042659942858343,-17.223732650179926
76,77,Weepinbell,Grass,Poison,65,90,50,85,45,55,1,False,-13.694367905414854,-17.615754613804512,-16.719863331807687
77,78,Victreebel,Grass,Poison,80,105,65,100,70,70,1,False,26.323479589265133,-15.44996199842074,-10.808101370732764
78,79,Tentacool,Water,Poison,40,40,35,50,100,70,1,False,-42.78378192052137,-18.587970875429466,34.76855992505672
79,80,Tentacruel,Water,Poison,80,70,65,80,120,100,1,False,28.428924954292285,-19.05090995012222,29.77853920724424
80,81,Geodude,Rock,Ground,40,80,100,30,30,20,1,False,-52.47525879043689,53.96070955044939,-30.09771873567542
81,82,Graveler,Rock,Ground,55,95,115,45,45,35,1,False,-16.401102517406777,54.38761487950323,-29.59384941730318
82,83,Golem,Rock,Ground,80,120,130,55,65,45,1,False,25.400706130095184,61.66853617778906,-35.483750508113246
83,84,Ponyta,Fire,,50,85,55,65,65,90,1,False,-9.605897086979388,-24.17459315250654,-13.897833926461445
84,85,Rapidash,Fire,,65,100,70,80,80,105,1,False,26.468259186050748,-23.74768782345272,-13.393964608089208
85,86,Slowpoke,Water,Psychic,90,65,65,40,40,15,1,False,-50.753242474866646,31.377083612423895,-13.567349023579748
86,87,Slowbro,Water,Psychic,95,75,110,100,80,30,1,False,24.030725690635247,38.953589350889175,23.25881546679001
87,88,Mega Slowbro,Water,Psychic,95,75,180,130,80,30,1,False,65.94455766210326,76.11888882601102,37.7080099239717
88,89,Magnemite,Electric,Steel,25,35,70,95,55,45,1,False,-39.462171282081535,-5.943484629623634,37.339941883503705
89,90,Magneton,Electric,Steel,50,60,95,120,70,70,1,False,16.717731284652157,-6.970863034197194,32.7718314380881
90,91,Farfetch'd,Normal,Flying,52,65,55,58,62,60,1,False,-33.42587372305413,-6.1770089579461,0.5991732476477002
91,92,Doduo,Normal,Flying,35,85,45,35,35,75,1,False,-49.93373211961477,-16.83592661342567,-39.0341974072922
92,93,Dodrio,Normal,Flying,60,110,70,60,60,100,1,False,10.18986166876878,-16.124417731669286,-38.19441521000514
93,94,Seel,Water,,65,45,55,45,70,45,1,False,-47.74387657485057,7.8563028065523035,15.926198204364873
94,95,Dewgong,Water,Ice,90,70,80,70,95,70,1,False,12.37971721353299,8.567811688308689,16.76598040165194
95,96,Grimer,Poison,,80,80,50,40,50,25,1,False,-44.8611859485787,17.653022332562497,-20.58943625250203
96,97,Muk,Poison,,105,105,75,65,100,50,1,False,25.121635893929504,22.71174943014373,-6.229922448458273
97,98,Shellder,Water,,30,65,100,45,25,40,1,False,-50.66867773232709,34.249577509466945,-18.365075056792442
98,99,Cloyster,Water,Ice,50,95,180,85,45,70,1,False,38.6494001073768,63.86971336702735,-16.252031951011038
99,100,Gastly,Ghost,Poison,30,35,30,100,35,80,1,False,-47.071917832713595,-59.09809148635968,21.450148102602576
100,101,Haunter,Ghost,Poison,45,50,45,115,55,95,1,False,-9.025915948858547,-57.80174251414086,24.657963742326146
101,102,Gengar,Ghost,Poison,60,65,60,130,75,110,1,False,29.020085934996512,-56.505393541922075,27.865779382049727
102,103,Mega Gengar,Ghost,Poison,60,65,80,170,95,130,1,False,71.42454528653934,-65.97760272018097,52.02161189000018
103,104,Onix,Rock,Ground,35,45,160,30,45,70,1,False,-26.113892804697386,66.58721711521113,-0.8389883291262464
104,105,Drowzee,Psychic,,60,48,45,43,90,42,1,False,-45.68794927869924,6.895428281616737,24.093181753474525
105,106,Hypno,Psychic,,85,73,70,73,115,67,1,False,16.980542347025732,5.690377607149594,26.856880168681048
106,107,Krabby,Water,,30,105,90,25,25,50,1,False,-41.66634867789602,32.264680326513684,-57.133797283962835
107,108,Kingler,Water,,55,130,115,50,50,75,1,False,18.457245110487513,32.976189208270064,-56.29401508667578
108,109,Voltorb,Electric,,40,30,50,55,55,100,1,False,-47.38709514750257,-35.94937639321675,15.961690307751558
109,110,Electrode,Electric,,60,50,70,80,80,140,1,False,11.773718984476744,-47.94898016270446,18.379896898422885
110,111,Exeggcute,Grass,Psychic,60,40,80,60,45,40,1,False,-46.05733859185297,17.426269723702607,13.883420129607774
111,112,Exeggutor,Grass,Psychic,95,95,85,125,65,55,1,False,39.36313534346653,-3.4889896861850422,5.51834802253931
112,113,Cubone,Ground,,50,50,95,40,50,35,1,False,-48.27102691290772,39.61383000007391,3.5202838795896056
113,114,Marowak,Ground,,60,80,110,50,80,45,1,False,-4.57319638742995,48.38315799232309,0.2709233855800581
114,115,Hitmonlee,Fighting,,50,120,53,35,110,87,1,False,8.379490056305638,-1.8333273829819408,-26.321676800198766
115,116,Hitmonchan,Fighting,,50,105,79,35,110,76,1,False,7.282763624632056,21.430871591158624,-12.701146579307851
116,117,Lickitung,Normal,,90,55,75,60,75,30,1,False,-22.984403795555668,27.342322022805337,18.614232637912057
117,118,Koffing,Poison,,40,65,95,60,45,35,1,False,-35.677989778977775,31.804187792268415,-1.8545871992803866
118,119,Weezing,Poison,,65,90,120,85,70,60,1,False,24.445604009405777,32.51569667402479,-1.014805001993322
119,120,Rhyhorn,Ground,Rock,80,85,95,30,30,25,1,False,-38.24533333271797,49.67551484686073,-37.03725791978812
120,121,Rhydon,Ground,Rock,105,130,120,45,45,40,1,False,19.430011660503038,59.773005987362154,-58.62106840256243
121,122,Chansey,Normal,,250,5,5,35,105,50,1,False,-20.492289624482723,-15.11762663418897,46.514804367495884
122,123,Tangela,Grass,,65,55,115,100,40,60,1,False,1.0948363438633981,15.394229065694528,13.890780723037516
123,124,Kangaskhan,Normal,,105,95,80,40,80,90,1,False,14.574412245374686,8.483978154253487,-24.916398212547325
124,125,Mega Kangaskhan,Normal,,105,125,100,60,100,100,1,False,58.31343631258358,14.735209109372072,-28.928402405161695
125,126,Horsea,Water,,30,40,70,70,25,60,1,False,-55.14033563677622,-9.624825414179057,5.3884861163658275
126,127,Seadra,Water,,55,65,95,95,45,85,1,False,3.011412540782384,-9.78276017558764,3.5243219923015463
127,128,Goldeen,Water,,45,67,60,35,50,63,1,False,-48.09975554624715,2.157886935687394,-16.01293913276016
128,129,Seaking,Water,,80,92,65,65,80,68,1,False,5.390773031194304,-0.1380752409547001,-9.083878587246032
129,130,Staryu,Water,,30,45,55,70,55,85,1,False,-38.372832340817325,-28.855697265082142,13.735510408539934
130,131,Starmie,Water,Psychic,60,75,85,100,85,115,1,False,33.775480205242935,-28.00188660697448,14.74324904528441
131,132,Mr. Mime,Psychic,Fairy,40,45,65,100,120,90,1,False,10.98128136583788,-24.558479597855843,59.53517234797176
132,133,Scyther,Bug,Flying,70,110,80,55,80,105,1,False,23.983080016609627,-6.236275959363041,-30.19768368817153
133,134,Jynx,Ice,Psychic,65,50,35,115,95,95,1,False,8.958670760344623,-56.954012092113885,44.69470129661898
134,135,Electabuzz,Electric,,65,83,57,95,85,105,1,False,22.747383708671578,-38.96691233736992,6.959418082892644
135,136,Magmar,Fire,,65,95,57,100,85,93,1,False,27.279865710783266,-33.05191314546641,1.8470582518289547
136,137,Pinsir,Bug,,65,125,100,55,70,85,1,False,26.996225868849987,18.387827813863336,-42.55541842395015
137,138,Mega Pinsir,Bug,Flying,65,155,120,65,90,105,1,False,68.91805208792913,22.71133040051184,-51.855995905617995
138,139,Tauros,Normal,,75,100,95,40,70,110,1,False,16.325642924856187,4.767849728956183,-34.46567515058591
139,140,Magikarp,Water,,20,10,55,15,20,80,1,False,-102.06522516454297,-14.080441627343024,0.5201096962132769
140,141,Gyarados,Water,Flying,95,125,79,60,100,81,1,False,41.09408140750368,10.659284725846184,-26.47283721709923
141,142,Mega Gyarados,Water,Dark,95,155,109,70,130,81,1,False,84.22075247332934,35.19546339101075,-27.068940756825977
142,143,Lapras,Water,Ice,130,85,80,85,95,60,1,False,36.16753204640958,11.415707928456474,10.662546720156914
143,144,Ditto,Normal,,48,48,48,48,48,48,1,False,-60.21079375337847,-4.201903280872714,3.2718742921819497
144,145,Eevee,Normal,,55,55,50,45,65,55,1,False,-46.42546658476546,-1.906721310379853,4.859523717881455
145,146,Vaporeon,Water,,130,65,60,110,95,65,1,False,33.057785662264465,-16.48260420553426,33.34016665226271
146,147,Jolteon,Electric,,65,65,60,110,95,130,1,False,34.777115457238295,-56.672006929437565,27.809484733420984
147,148,Flareon,Fire,,65,130,60,95,110,65,1,False,43.82403967019443,-5.893054112250572,-7.963586888275397
148,149,Porygon,Normal,,65,60,70,85,75,40,1,False,-13.94624631547417,7.850011699698514,24.408037743842286
149,150,Omanyte,Rock,Water,35,40,100,90,55,35,1,False,-28.38807457903363,23.39506719002983,33.86004647168876
150,151,Omastar,Rock,Water,70,60,125,115,70,55,1,False,26.69915564289594,25.287524341516665,33.074591854709716
151,152,Kabuto,Rock,Water,30,80,90,55,45,55,1,False,-29.195575206925263,19.44904513173532,-17.234124549230078
152,153,Kabutops,Rock,Water,60,115,105,65,70,80,1,False,25.91993653029446,19.934659104430605,-30.180428181804988
153,154,Aerodactyl,Rock,Flying,80,105,65,60,75,130,1,False,27.571729460677062,-33.81312679097033,-32.139929912024435
154,155,Mega Aerodactyl,Rock,Flying,80,135,85,70,95,150,1,False,69.49355567975618,-29.489624204321817,-41.44050739369227
155,156,Snorlax,Normal,,160,110,65,65,110,30,1,False,37.72271169341911,31.72472013029622,-5.252066721017977
156,157,Articuno,Ice,Flying,90,85,100,95,125,85,1,True,56.85025230721728,10.612769419292007,30.321870984103196
157,158,Zapdos,Electric,Flying,90,90,85,125,90,100,1,True,59.98055185994756,-25.65937964917974,16.50183125944121
158,159,Moltres,Fire,Flying,90,100,90,125,85,90,1,True,61.56820102553256,-16.526477420396247,8.141871360341892
159,160,Dratini,Dragon,,41,64,45,50,50,50,1,False,-53.11087273536582,-6.929321217487142,-6.563638806084913
160,161,Dragonair,Dragon,,61,84,65,70,70,70,1,False,-5.011997704658983,-6.360114112082034,-5.891813048255257
161,162,Dragonite,Dragon,Flying,91,134,95,100,100,80,1,False,70.44895511601837,7.546294459570695,-16.61120115981602
162,163,Mewtwo,Psychic,,106,110,90,154,90,130,1,True,101.13270024365681,-48.3755975654936,7.9934773664337655
163,164,Mega Mewtwo X,Psychic,Fighting,106,190,100,154,100,130,1,True,148.31408445440243,-33.56100464196855,-44.617964216991716
164,165,Mega Mewtwo Y,Psychic,,106,150,70,194,120,140,1,True,148.69852773293178,-75.09464139449122,8.120328089595597
165,166,Mew,Psychic,,100,100,100,100,100,100,1,False,64.84628132645932,-2.7219648068194355,5.018621262539049
166,167,Chikorita,Grass,,45,49,65,49,65,45,2,False,-47.91639361080718,11.869561408466595,13.43388096792889
167,168,Bayleef,Grass,,60,62,80,63,80,60,2,False,-13.337000498017662,12.526688353594045,15.01382788819068
168,169,Meganium,Grass,,80,82,100,83,100,80,2,False,34.76187453268918,13.095895458999152,15.685653646020333
169,170,Cyndaquil,Fire,,39,52,43,60,50,65,2,False,-50.388103901154274,-21.79514902268953,3.922585631590572
170,171,Quilava,Fire,,58,64,58,80,65,80,2,False,-12.044490959779914,-23.345583671204036,8.305715751350704
171,172,Typhlosion,Fire,,78,84,78,109,85,100,2,False,40.635200178141496,-26.22618376700128,12.440590701435378
172,173,Totodile,Water,,50,65,64,44,48,43,2,False,-48.810409500704054,12.722763829210876,-9.41863465093776
173,174,Croconaw,Water,,65,80,80,59,63,58,2,False,-12.35561829985364,13.84487854129989,-8.87325537328459
174,175,Feraligatr,Water,,85,105,100,79,83,78,2,False,38.207715712784,14.796811384632697,-11.853581729138527
175,176,Sentret,Normal,,35,46,34,35,45,20,2,False,-87.3974282670359,5.957008425148499,2.3273316477411554
176,177,Furret,Normal,,85,76,64,45,55,90,2,False,-14.209527106622318,-11.199832081119082,-22.11907670916437
177,178,Hoothoot,Normal,Flying,60,30,30,36,56,50,2,False,-74.62118945354516,-12.746285923570223,14.384754385682339
178,179,Noctowl,Normal,Flying,100,50,50,76,96,70,2,False,-2.4391695293664104,-15.521267363340277,32.38829687688658
179,180,Ledyba,Bug,Flying,40,20,30,40,80,55,2,False,-72.42920240310391,-14.596354404730212,36.66649692697282
180,181,Ledian,Bug,Flying,55,35,50,55,110,85,2,False,-23.62743791866803,-16.726342452381246,43.32864372598186
181,182,Spinarak,Bug,Poison,40,60,40,40,40,30,2,False,-72.86344072243679,2.86411488601632,-10.16533882746092
182,183,Ariados,Bug,Poison,70,90,70,60,60,40,2,False,-16.293810725815373,17.33385233207535,-15.531843562828902
183,184,Crobat,Poison,Flying,85,90,80,70,80,130,2,False,34.45522543495244,-27.283819375319844,-14.304593995487856
184,185,Chinchou,Water,Electric,75,38,38,56,56,67,2,False,-47.377839679782866,-23.398722290763345,13.234996031467649
185,186,Lanturn,Water,Electric,125,58,58,76,76,67,2,False,3.2000963490275747,-10.041407562935381,15.01870336016353
186,187,Pichu,Electric,,20,40,15,35,35,60,2,False,-92.95227091498062,-33.12672427832606,-4.364831029955645
187,188,Cleffa,Fairy,,50,25,28,45,55,15,2,False,-88.1226492494059,1.5977022722767817,26.508606206894083
188,189,Igglybuff,Normal,Fairy,90,30,15,40,20,15,2,False,-94.92191924064171,-9.538289701066088,-0.8941826922375602
189,190,Togepi,Fairy,,35,20,65,40,65,20,2,False,-77.98065193000635,27.079540478451566,35.34503287992939
190,191,Togetic,Fairy,Flying,55,40,85,80,105,40,2,False,-11.81480310663409,23.460283931622442,54.528308794842225
191,192,Natu,Psychic,Flying,40,50,45,70,45,70,2,False,-45.55756010611127,-28.098593292507875,5.8309954123207275
192,193,Xatu,Psychic,Flying,65,75,70,95,70,95,2,False,14.566033682272273,-27.387084410751495,6.6707776096077955
193,194,Mareep,Electric,,55,40,40,65,45,35,2,False,-61.87651461374656,-9.627359613811434,15.161626543833329
194,195,Flaaffy,Electric,,70,55,55,80,60,45,2,False,-27.43865725399297,-6.320030544299033,16.385866288812856
195,196,Ampharos,Electric,,90,75,85,115,90,55,2,False,32.77235396203771,2.9513264900344196,30.093173789127388
196,197,Mega Ampharos,Electric,Dragon,90,95,105,165,110,45,2,False,80.30665143632743,8.45944359379069,47.81045283782605
197,198,Bellossom,Grass,,75,80,95,90,100,50,2,False,24.113937018232644,23.85504853592583,24.249603315747198
198,199,Marill,Water,Fairy,70,20,50,20,50,40,2,False,-82.71180894963354,11.665093503842078,13.968864457064484
199,200,Azumarill,Water,Fairy,100,50,80,60,80,50,2,False,-12.018896381996544,20.207480011336937,21.705917236077
200,201,Sudowoodo,Rock,,70,100,115,30,65,30,2,False,-10.806460249817935,67.51337450593738,-28.367009755505155
201,202,Politoed,Water,,90,75,75,90,100,70,2,False,25.09410345860727,-1.3203534942455506,23.305274469601663
202,203,Hoppip,Grass,Flying,35,35,40,35,55,50,2,False,-76.77394375905297,-6.257387056502781,11.696796136589613
203,204,Skiploom,Grass,Flying,55,45,50,45,65,80,2,False,-43.17122504019017,-17.07234091210496,8.561360597221022
204,205,Jumpluff,Grass,Flying,75,55,70,55,95,110,2,False,2.12522540017514,-17.457426364695394,16.65680993606706
205,206,Aipom,Normal,,55,70,55,40,55,85,2,False,-33.798045637149485,-14.385416777855495,-17.5440294620217
206,207,Sunkern,Grass,,30,30,30,30,30,30,2,False,-103.49811633896037,-4.71223909931418,2.6666158951440546
207,208,Sunflora,Grass,,75,75,55,105,85,30,2,False,1.5980419499340655,-1.1723671597405363,26.782748454327145
208,209,Yanma,Bug,Flying,65,65,45,75,45,95,2,False,-19.917576880586644,-42.2137504534173,-8.27806362348273
209,210,Wooper,Water,Ground,55,45,45,25,25,15,2,False,-92.30064178785162,17.607809878254802,-11.60860909577749
210,211,Quagsire,Water,Ground,95,85,85,65,65,35,2,False,-2.6480873795440787,30.267919050899277,-7.38347587368906
211,212,Espeon,Psychic,,65,65,60,130,95,110,2,False,38.41317609555211,-52.8145996160743,38.386016096536736
212,213,Umbreon,Dark,,95,65,110,60,130,65,2,False,29.916838471281515,42.054035149684886,37.16804496307274
213,214,Murkrow,Dark,Flying,60,85,42,85,42,91,2,False,-10.108039333959194,-45.029990733556,-19.914507615818792
214,215,Slowking,Water,Psychic,95,75,80,100,110,30,2,False,24.444416463030734,23.31592029524656,38.23657940147898
215,216,Misdreavus,Ghost,,60,60,60,85,85,85,2,False,-0.5845919856856769,-23.496126708792126,23.2118150952061
216,217,Unown,Psychic,,48,72,48,72,48,48,2,False,-36.1642160788175,-11.562355032269547,-5.024273222477107
217,218,Wobbuffet,Psychic,,190,33,58,33,58,33,2,False,-29.68124069339183,23.728154348614748,8.06396297148595
218,219,Girafarig,Normal,Psychic,70,80,65,90,65,85,2,False,8.842019525583897,-23.46137341725927,-0.6709793424638161
219,220,Pineco,Bug,,50,65,90,35,35,15,2,False,-57.78478998708479,48.11783446366708,-14.79861094840136
220,221,Forretress,Bug,Steel,75,90,140,60,60,40,2,False,11.854676996805695,66.20957792130311,-12.921079769091094
221,222,Dunsparce,Normal,,100,70,70,65,65,45,2,False,-10.974347640885993,13.141822387436013,1.2146568690060822
222,223,Gligar,Ground,Flying,65,75,105,35,65,85,2,False,-7.894961329493098,24.8353625079145,-16.226573898729963
223,224,Steelix,Steel,Ground,75,85,200,55,65,30,2,False,28.382663631021984,116.0862658457922,-4.557559141905383
224,225,Mega Steelix,Steel,Ground,75,125,230,55,95,30,2,False,71.3484569860264,145.2210150992592,-16.305799344838242
225,226,Snubbull,Fairy,,60,80,50,40,40,30,2,False,-53.18308441570428,12.19138677513805,-25.538581113094597
226,227,Granbull,Fairy,,90,120,75,60,60,45,2,False,8.048587818953896,21.070105041417996,-39.13731029884168
227,228,Qwilfish,Water,Poison,65,95,75,55,55,85,2,False,-3.2202731086623584,-3.895141542654317,-29.79270890291702
228,229,Scizor,Bug,Steel,70,130,100,55,80,65,2,False,28.364888136580404,32.24415515314313,-38.2137447594203
229,230,Mega Scizor,Bug,Steel,70,150,140,65,100,75,2,False,69.69789712165039,55.46724140555708,-37.93907797488784
230,231,Shuckle,Bug,Rock,20,10,230,10,230,5,2,False,20.275686264217605,189.22269965626847,130.23112303333036
231,232,Heracross,Bug,Fighting,80,125,75,40,95,85,2,False,24.218680483102542,11.739647029196554,-36.730599735747674
232,233,Mega Heracross,Bug,Fighting,80,185,115,40,105,75,2,False,69.68867877418018,51.6404659729835,-72.04739323279641
233,234,Sneasel,Dark,Ice,55,95,55,35,75,115,2,False,-6.315472641877947,-24.35999640208496,-31.235143522597447
234,235,Teddiursa,Normal,,60,80,50,50,50,40,2,False,-40.8769996928185,4.336307468103807,-17.723596887767567
235,236,Ursaring,Normal,,90,130,75,75,75,55,2,False,29.800333953867646,12.933361297180603,-33.99876776161104
236,237,Slugma,Fire,,40,40,40,70,40,20,2,False,-70.72448745266456,-4.405297922118529,17.427507788004736
237,238,Magcargo,Fire,Rock,50,50,120,80,80,30,2,False,-8.199531324942084,49.76062430203685,36.89279574469255
238,239,Swinub,Ice,Ground,50,50,40,30,30,50,2,False,-77.27256437912173,-6.9066621720267145,-15.588108096918733
239,240,Piloswine,Ice,Ground,100,100,80,60,60,50,2,False,4.738310994011823,20.556962817954076,-25.631389186164252
240,241,Corsola,Water,Rock,55,55,85,65,85,35,2,False,-21.57980102944219,29.760788981874818,27.70468894123502
241,242,Remoraid,Water,,35,65,35,65,35,65,2,False,-51.59946318599106,-31.055482675489248,-11.857065599627024
242,243,Octillery,Water,,75,105,75,105,75,45,2,False,24.96269991610422,4.64801642082376,-1.8689689646803516
243,244,Delibird,Ice,Flying,45,55,45,65,45,75,2,False,-42.497657273043735,-28.468662962050452,-0.7603767018167444
244,245,Mantine,Water,Flying,65,40,70,80,140,70,2,False,9.104471281898704,2.2578437990276017,67.92119438358966
245,246,Skarmory,Steel,Flying,65,80,140,40,70,70,2,False,7.499566834484199,57.144571960390856,-11.636903618488441
246,247,Houndour,Dark,Fire,45,60,30,80,50,65,2,False,-39.40878091212095,-37.63346551423902,4.881257623610008
247,248,Houndoom,Dark,Fire,75,90,50,110,80,95,2,False,28.93318235573653,-43.7317486864832,5.4738966675452065
248,249,Mega Houndoom,Dark,Fire,75,90,90,140,90,115,2,False,69.9168533673522,-37.205538377921265,21.204203282572614
249,250,Kingdra,Water,Dragon,75,95,95,95,95,85,2,False,43.5344585834773,2.0542563671104874,7.470523885013585
250,251,Phanpy,Ground,,90,60,60,40,40,40,2,False,-46.93771658746193,13.118142833450559,-13.725214054328402
251,252,Donphan,Ground,,90,120,120,60,60,50,2,False,26.813458484142938,49.474103537542796,-37.9897325578072
252,253,Porygon2,Normal,,85,80,90,105,95,60,2,False,34.1542936572869,8.421169381526756,25.079248286680734
253,254,Stantler,Normal,,73,95,62,85,65,85,2,False,13.451019515695043,-22.35562353029933,-13.852841792833116
254,255,Smeargle,Normal,,55,20,35,20,45,75,2,False,-83.45121441043176,-20.428663398354935,6.484475828029711
255,256,Tyrogue,Fighting,,35,35,35,35,35,35,2,False,-91.47339758128368,-4.569937322962903,2.8345723346014675
256,257,Hitmontop,Fighting,,50,95,95,35,110,70,2,False,6.482110752017287,35.24722930883961,-3.8688537065082915
257,258,Smoochum,Ice,Psychic,45,30,15,85,65,65,2,False,-51.444624051193756,-49.666189314061626,36.207276098471105
258,259,Elekid,Electric,,45,63,37,65,55,95,2,False,-31.110715449760665,-43.20078452115193,-4.409488821684365
259,260,Magby,Fire,,45,75,37,70,55,83,2,False,-26.578233447648984,-37.28578532924841,-9.521848652748051
260,261,Miltank,Normal,,95,80,105,40,70,100,2,False,13.019394491643409,16.796113771996552,-19.181574888527493
261,262,Blissey,Normal,,255,10,10,75,135,55,2,False,19.207606990762876,-24.042072959154407,73.66929072415495
262,263,Raikou,Electric,,90,85,75,115,100,115,2,True,57.47420082866483,-36.06151346363488,19.137217492366243
263,264,Entei,Fire,,115,115,85,90,75,100,2,True,56.094903893799184,-11.880870535224487,-24.813463793093888
264,265,Suicune,Water,,100,75,115,90,115,85,2,True,54.152019694126025,20.877219088810627,30.326533813216656
265,266,Larvitar,Rock,Ground,50,64,50,45,50,41,2,False,-53.988992040086465,4.029922361337442,-7.514833715366696
266,267,Pupitar,Rock,Ground,70,84,70,65,70,51,2,False,-9.162714835932682,10.359976947659678,-5.402267104322481
267,268,Tyranitar,Rock,Dark,100,134,110,95,100,61,2,False,70.10458726294746,31.218479349664268,-15.706555623073962
268,269,Mega Tyranitar,Rock,Dark,100,164,150,95,120,71,2,False,111.27671853719619,59.040136190380686,-26.5840255017476
269,270,Lugia,Psychic,Flying,106,90,130,90,154,110,2,True,92.6216622182817,25.086361294633207,37.127736007771254
270,271,Ho-oh,Fire,Flying,106,130,90,110,154,90,2,True,100.74633265717664,4.195248613587546,16.827267305172363
271,272,Celebi,Psychic,Grass,100,100,100,100,100,100,2,False,64.84794626851357,-2.7200142303963086,5.018006047547843
272,273,Treecko,Grass,,40,45,35,65,55,70,3,False,-50.427910039882185,-31.776015441810845,12.55140914298705
273,274,Grovyle,Grass,,50,65,45,85,65,95,3,False,-11.450862146154703,-43.20035074707563,7.269738950551767
274,275,Sceptile,Grass,,70,85,65,105,85,120,3,False,38.28431179782867,-45.51156738212909,7.221194281774136
275,276,Mega Sceptile,Grass,Dragon,70,110,75,145,85,145,3,False,82.95363325079956,-66.38044001421976,1.1650109164847033
276,277,Torchic,Fire,,45,60,40,70,50,45,3,False,-47.23575801965292,-15.324607033182712,4.329391272018291
277,278,Combusken,Fire,Fighting,60,85,60,85,60,55,3,False,-7.937653667761241,-8.64522321580395,-4.247069735316066
278,279,Blaziken,Fire,Fighting,80,120,70,110,70,80,3,False,43.98575455950335,-20.41580330997963,-19.151146762736953
279,280,Mega Blaziken,Fire,Fighting,80,160,80,130,80,100,3,False,88.17625391727427,-27.850949476604573,-37.731188271445035
280,281,Mudkip,Water,,50,70,50,50,50,40,3,False,-48.812338265029126,3.1506690151420003,-9.830041163537297
281,282,Marshtomp,Water,Ground,70,85,70,60,70,50,3,False,-11.540315717489012,12.931116975983585,-7.913154874648402
282,283,Swampert,Water,Ground,100,110,90,85,90,60,3,False,41.30340385634024,18.149475297539528,-8.118690871222622
283,284,Mega Swampert,Water,Ground,100,150,110,95,110,70,3,False,84.88155021272792,28.999276840960576,-23.28283172704309
284,285,Poochyena,Dark,,35,55,35,30,30,35,3,False,-86.13064015967255,-1.989967881770411,-16.402513874394895
285,286,Mightyena,Dark,,70,90,70,60,60,70,3,False,-6.474352304101938,0.05326046574708319,-19.85468133746379
286,287,Zigzagoon,Normal,,38,30,41,30,41,60,3,False,-82.74714492708644,-12.095041694468838,4.27717621008888
287,288,Linoone,Normal,,78,70,61,50,61,100,3,False,-12.229067214743745,-20.67235149212812,-13.72082161695354
288,289,Wurmple,Bug,,45,45,35,20,30,20,3,False,-98.05016498764338,10.141108529726475,-11.37479751489908
289,290,Silcoon,Bug,,50,35,55,25,25,15,3,False,-94.92558830665784,23.585334032409612,-3.5948871346650844
290,291,Beautifly,Bug,Flying,60,70,50,100,50,65,3,False,-12.173779774828967,-29.994907695856575,5.217402170766561
291,292,Cascoon,Bug,,50,35,55,25,25,15,3,False,-94.92558830665784,23.585334032409612,-3.5948871346650844
292,293,Dustox,Bug,Poison,60,50,70,50,90,65,3,False,-24.093130632961447,8.499521720691384,23.048618202735625
293,294,Lotad,Water,Grass,40,30,30,40,50,30,3,False,-87.51118772852033,-4.643495509148683,16.739751689542803
294,295,Lombre,Water,Grass,60,50,50,60,70,50,3,False,-39.41231269781348,-4.074288403743584,17.411577447372466
295,296,Ludicolo,Water,Grass,80,70,70,90,100,70,3,False,17.72004922922607,-5.599313124455585,27.339128283743708
296,297,Seedot,Grass,,40,40,50,30,30,30,3,False,-87.94674932623572,10.381488167197602,-4.397971073450067
297,298,Nuzleaf,Grass,Dark,70,70,40,60,40,60,3,False,-38.9112163362863,-20.050851068762054,-15.866416093348056
298,299,Shiftry,Grass,Dark,90,100,60,90,60,80,3,False,19.20637233296501,-22.549311599948606,-18.651062127046668
299,300,Taillow,Normal,Flying,40,55,30,30,30,85,3,False,-70.16678289080699,-34.059183424767234,-24.108701292799484
300,301,Swellow,Normal,Flying,60,85,60,50,50,125,3,False,-6.787444964929618,-37.29412597498912,-33.20756187595685
301,302,Wingull,Water,Flying,40,30,30,55,30,85,3,False,-69.76458861375393,-45.55560989552337,3.7716403652157404
302,303,Pelipper,Water,Flying,60,50,100,85,70,65,3,False,-2.7471803802628663,12.462111745522378,26.9455452211943
303,304,Ralts,Psychic,Fairy,28,25,25,45,35,40,3,False,-95.58656517861672,-19.294571193123335,13.263530461697803
304,305,Kirlia,Psychic,Fairy,38,35,35,65,55,50,3,False,-62.50364076693059,-21.104199466537885,22.85516841915421
305,306,Gardevoir,Psychic,Fairy,68,65,65,125,115,80,3,False,36.745132468127814,-26.53308428678157,51.63008229152346
306,307,Mega Gardevoir,Psychic,Fairy,68,85,65,165,135,100,3,False,81.3947291909883,-48.37857817403335,60.347107159120945
307,308,Surskit,Bug,Water,40,30,32,50,52,65,3,False,-69.4172915609312,-26.901384581469337,16.709589586233143
308,309,Masquerain,Bug,Flying,70,60,62,80,82,60,3,False,-8.723071407806687,-5.884607740151721,22.759921209228594
309,310,Shroomish,Grass,,60,40,60,40,60,35,3,False,-59.56706069431748,16.680976110692736,14.188535032990272
310,311,Breloom,Grass,Fighting,60,130,80,60,60,70,3,False,14.039583279144063,9.64502264599103,-48.066931942268944
311,312,Slakoth,Normal,,60,60,60,35,35,30,3,False,-63.74964957133686,18.66164414326078,-15.143350819812948
312,313,Vigoroth,Normal,,80,80,80,55,55,90,3,False,-2.560383234417757,-3.8125386750026395,-20.234488474841537
313,314,Slaking,Normal,,150,160,100,95,65,100,3,False,93.11572963263778,-0.18421297712435694,-62.609308558296746
314,315,Nincada,Bug,Ground,31,45,90,30,30,40,3,False,-69.69157240030366,32.43181794743902,-7.299585628442234
315,316,Ninjask,Bug,Flying,61,90,45,50,50,160,3,False,1.7223910476730737,-67.4602934104462,-42.58394303629074
316,317,Shedinja,Bug,Ghost,1,90,45,30,30,40,3,False,-73.66426996604858,3.3255146916163865,-40.267302683673414
317,318,Whismur,Normal,,64,51,23,51,23,28,3,False,-78.30920979979919,-14.64864016322694,-10.386083296576583
318,319,Loudred,Normal,,84,71,43,71,43,48,3,False,-30.210334769092345,-14.079433057821834,-9.714257538746923
319,320,Exploud,Normal,,104,91,63,91,73,68,3,False,21.832231483264355,-11.771338666086786,-3.6345391382145977
320,321,Makuhita,Fighting,,72,60,30,20,30,25,3,False,-82.80183278158704,6.072586482404834,-24.851814200968366
321,322,Hariyama,Fighting,,144,120,60,40,60,50,3,False,10.041098379792306,17.709272145808356,-51.361890445345104
322,323,Azurill,Normal,Fairy,50,20,40,20,40,20,3,False,-103.02155126134454,13.653482818358594,12.206472136699034
323,324,Nosepass,Rock,,30,45,135,45,90,30,3,False,-24.83956618806109,74.11851895889562,34.28719457357392
324,325,Skitty,Normal,,50,45,45,35,35,50,3,False,-73.31544033173057,-4.858506331413912,-7.101158862550923
325,326,Delcatty,Normal,,70,65,65,55,55,70,3,False,-25.216565301023728,-4.289299226008807,-6.429333104721268
326,327,Sableye,Dark,Ghost,50,75,75,65,65,50,3,False,-20.009177916539237,12.011434108856546,-0.0015975305998726132
327,328,Mega Sableye,Dark,Ghost,50,85,125,85,115,20,3,False,24.031740416292088,65.84809538597824,33.826946850914226
328,329,Mawile,Steel,Fairy,50,85,85,55,55,50,3,False,-20.307397570807552,21.823211241180918,-16.14652724369936
329,330,Mega Mawile,Steel,Fairy,50,105,125,55,95,50,3,False,20.550600356326257,58.118038659618946,-7.4631667563859025
330,331,Aron,Steel,Rock,50,70,100,40,40,30,3,False,-42.08667659690102,45.766217473935534,-15.569527424817927
331,332,Lairon,Steel,Rock,60,90,140,50,50,40,3,False,-1.6892732830776336,67.67255399354907,-21.292619994842436
332,333,Aggron,Steel,Rock,70,110,180,60,60,50,3,False,38.708130030745735,89.57889051316259,-27.015712564866952
333,334,Mega Aggron,Steel,,70,140,230,60,80,50,3,False,80.4140127566442,130.113488665148,-36.037341997516755
334,335,Meditite,Fighting,Psychic,30,40,55,40,55,60,3,False,-64.28484302907087,-3.3330458105295913,9.444786917760782
335,336,Medicham,Fighting,Psychic,60,60,75,60,75,80,3,False,-13.17788244796079,-2.3417011515949535,9.526745963736142
336,337,Mega Medicham,Fighting,Psychic,60,100,85,80,85,100,3,False,31.012616909810163,-9.776847318219902,-9.053295544971933
337,338,Electrike,Electric,,40,45,40,65,40,65,3,False,-56.07657114653212,-28.02787571567126,5.36749040194496
338,339,Manectric,Electric,,70,75,60,105,60,105,3,False,16.68409440091141,-45.459012767609586,2.959328385801837
339,340,Mega Manectric,Electric,,70,75,80,135,80,135,3,False,57.27135590432444,-56.85895031433854,21.826587604698798
340,341,Plusle,Electric,,60,50,40,85,75,95,3,False,-13.795636958995413,-45.6635500361752,22.836671426046276
341,342,Minun,Electric,,60,40,50,75,85,95,3,False,-16.064310097687237,-33.90490128290175,32.11613545308651
342,343,Volbeat,Bug,,65,73,55,47,75,85,3,False,-17.859380339955795,-12.937102011199272,-6.816534666584772
343,344,Illumise,Bug,,65,47,55,73,75,85,3,False,-17.441098291820595,-24.89338554078567,22.179020657751067
344,345,Roselia,Grass,Poison,50,60,45,100,80,65,3,False,-10.18288426324563,-29.44188178142761,29.127701241691415
345,346,Gulpin,Poison,,70,43,53,43,53,40,3,False,-57.3420904889712,7.218702851108943,7.765261792211842
346,347,Swalot,Poison,,100,73,83,73,83,55,3,False,9.897325317259446,16.7137847305923,10.93411170877817
347,348,Carvanha,Water,Dark,45,90,20,65,20,65,3,False,-47.8924785336585,-41.75423753092078,-39.44279644815841
348,349,Sharpedo,Water,Dark,70,120,40,95,40,95,3,False,15.001750737347502,-49.80247676625969,-43.96311669099874
349,350,Mega Sharpedo,Water,Dark,70,140,70,110,65,105,3,False,57.04515389238109,-34.578600257256156,-39.47568696000477
350,351,Wailmer,Water,,130,70,35,70,35,60,3,False,-19.64792760911031,-25.696635418372818,-18.469280046390896
351,352,Wailord,Water,,170,90,45,90,45,60,3,False,20.171882369444248,-21.452439360756195,-21.918698241352665
352,353,Numel,Fire,Ground,60,60,40,65,45,35,3,False,-50.512970968767476,-7.883437308912726,0.2574695181806184
353,354,Camerupt,Fire,Ground,70,100,70,105,75,40,3,False,17.456389548648104,3.4605493078370455,2.590321920141823
354,355,Mega Camerupt,Fire,Ground,70,120,100,145,105,20,3,False,64.37833402155454,27.2536141216393,23.72350162172808
355,356,Torkoal,Fire,,70,85,140,85,70,20,3,False,18.01082493697837,69.29551845008035,8.934345924257517
356,357,Spoink,Psychic,,60,25,35,70,80,60,3,False,-45.13804680188591,-24.27113714594413,42.86467285190352
357,358,Grumpig,Psychic,,80,45,65,90,110,80,3,False,10.710868728673557,-15.01094892385722,49.359490845245126
358,359,Spinda,Normal,,60,60,60,60,60,60,3,False,-31.348138850845878,-3.856477864783394,3.6737393168973336
359,360,Trapinch,Ground,,45,100,45,45,45,10,3,False,-51.76733871557284,20.08956610657747,-31.961210265743436
360,361,Vibrava,Ground,Dragon,50,70,50,50,50,70,3,False,-38.99454478536993,-14.131873427609392,-14.152263723180981
361,362,Flygon,Ground,Dragon,80,100,80,80,80,100,3,False,33.15376776069033,-13.278062769501739,-13.1445250864365
362,363,Cacnea,Grass,,50,85,40,85,40,35,3,False,-32.99101587097591,-14.927628040862825,-12.421705788056551
363,364,Cacturne,Grass,Dark,70,115,60,115,60,55,3,False,25.126572798275415,-17.426088572049355,-15.206351821755177
364,365,Swablu,Normal,Flying,45,40,60,40,75,50,3,False,-53.25475544761795,10.014829488517654,21.024062785003885
365,366,Altaria,Dragon,Flying,75,70,90,70,105,80,3,False,18.893557098442304,10.86864014662531,22.03180142174837
366,367,Mega Altaria,Dragon,Fairy,75,110,110,110,105,80,3,False,66.58111020902575,12.502157260962433,9.036113441253853
367,368,Zangoose,Normal,,73,115,60,60,60,90,3,False,9.489214645576432,-16.38025837074166,-41.58898321867643
368,369,Seviper,Poison,,73,100,60,100,60,65,3,False,14.273525832132748,-18.458793332020168,-11.639345001233615
369,370,Lunatone,Rock,Psychic,70,55,65,95,85,70,3,False,2.0447730987956376,-15.170565292662602,32.489978794109575
370,371,Solrock,Rock,Psychic,70,95,85,55,65,70,3,False,1.126578368616544,13.650130148591073,-22.10415395850158
371,372,Barboach,Water,Ground,50,48,43,46,41,60,3,False,-61.36044699651852,-14.953235787538583,-3.338859637493089
372,373,Whiscash,Water,Ground,110,78,73,76,71,60,3,False,9.99432872109227,4.449529973909064,0.22150142333218395
373,374,Corphish,Water,,43,80,65,50,35,35,3,False,-47.83139201489695,14.320857760018168,-23.490257840839284
374,375,Crawdaunt,Water,Dark,63,120,85,90,55,55,3,False,20.304910292898843,8.754729592239975,-29.73137566606618
375,376,Baltoy,Ground,Psychic,40,40,55,40,70,55,3,False,-56.99751955946938,2.5778464129534204,17.68712959656778
376,377,Claydol,Ground,Psychic,60,70,105,70,120,75,3,False,24.37019060933986,26.15232923181228,32.37146026940502
377,378,Lileep,Rock,Grass,66,41,77,61,87,23,3,False,-33.38910397131971,32.387825816046735,38.22050116533316
378,379,Cradily,Rock,Grass,86,81,97,81,107,43,3,False,24.567606987110356,34.487935873162655,24.28371846842845
379,380,Anorith,Rock,Bug,45,95,50,40,50,75,3,False,-31.62978941232382,-11.47661814274716,-36.686293798117966
380,381,Armaldo,Rock,Bug,75,125,100,70,80,45,3,False,28.495634730823596,37.846465061567,-26.20391085646757
381,382,Feebas,Water,,20,15,20,10,55,80,3,False,-101.66163733378029,-30.02347808442223,12.417586609254698
382,383,Milotic,Water,,95,60,79,100,125,81,3,False,39.27785527936771,-5.297506948331064,49.91497118091738
383,384,Castform,Normal,,70,70,70,70,70,70,3,False,-7.298701335492463,-3.57187431208084,4.009652195812158
384,385,Kecleon,Normal,,60,90,70,60,120,40,3,False,4.361915995734804,27.346989072948606,17.504763790250237
385,386,Shuppet,Ghost,,44,75,35,63,33,45,3,False,-52.31349631708496,-17.96761549797646,-18.662528391933474
386,387,Banette,Ghost,,64,115,65,83,63,65,3,False,13.39325514119775,-7.17652432417873,-26.77631885332622
387,388,Mega Banette,Ghost,,64,165,75,93,83,75,3,False,58.093970183244274,-2.513365135254139,-49.65986352932316
388,389,Duskull,Ghost,,20,40,90,30,90,25,3,False,-56.711674897608454,50.659335839984195,31.609887004318963
389,390,Dusclops,Ghost,,40,70,130,60,130,25,3,False,10.360799118242,77.06453250399551,43.35270714807337
390,391,Tropius,Grass,Flying,99,68,83,72,87,51,3,False,6.891515570858746,19.672051055455178,16.999920648430198
391,392,Chimecho,Psychic,,65,50,70,95,80,65,3,False,-3.6286985433368724,-10.277332794885545,34.661038165380894
392,393,Absol,Dark,,65,130,60,75,60,75,3,False,17.201919923240954,-12.678198647077057,-44.140686256663564
393,394,Mega Absol,Dark,,65,150,60,115,60,115,3,False,60.50932985590784,-49.523162068823,-49.12092838090052
394,395,Wynaut,Psychic,,95,23,48,23,48,23,3,False,-79.29774044511858,19.8573321673343,12.741301928341416
395,396,Snorunt,Ice,,50,50,50,50,50,50,3,False,-55.39757636619929,-4.141081417485945,3.3378264379825047
396,397,Glalie,Ice,,80,80,80,80,80,80,3,False,16.750736179860958,-3.2872707593782855,4.345565074726983
397,398,Mega Glalie,Ice,,80,120,80,120,80,100,3,False,63.37078638714496,-27.079636267579147,-12.361803797815213
398,399,Spheal,Ice,Water,70,40,50,55,50,25,3,False,-59.94691995829568,8.423301359787015,14.988165592596948
399,400,Sealeo,Ice,Water,90,60,70,75,70,45,3,False,-11.848044927588827,8.992508465192119,15.659991350426601
400,401,Walrein,Ice,Water,110,80,90,95,90,65,3,False,36.250830103118005,9.561715570597226,16.33181710825626
401,402,Clamperl,Water,,35,64,85,74,55,32,3,False,-31.390317926419932,22.6691559635917,9.981526865433304
402,403,Huntail,Water,,55,104,105,94,75,52,3,False,26.566393032010154,24.76926602070762,-3.955255831471402
403,404,Gorebyss,Water,,55,84,105,114,75,52,3,False,26.88814845365262,15.572124844102698,18.34901749494079
404,405,Relicanth,Water,Rock,100,90,130,45,65,55,3,False,14.816255375295526,58.29262964165809,-20.04037496875618
405,406,Luvdisc,Water,,43,30,55,40,65,97,3,False,-49.250946597512076,-23.125966859860046,16.059415905526176
406,407,Bagon,Dragon,,45,75,60,40,30,50,3,False,-53.75015307152667,4.868916865526828,-28.87651890294328
407,408,Shelgon,Dragon,,65,95,100,60,50,50,3,False,-4.58377513752041,30.86400659346991,-24.49301225306595
408,409,Salamence,Dragon,Flying,95,135,80,110,80,100,3,False,70.18649598385942,-21.465133611054686,-28.050892642486346
409,410,Mega Salamence,Dragon,Flying,95,145,130,120,90,120,3,False,109.72584288817379,0.44486022860863966,-26.905455533694656
410,411,Beldum,Steel,Psychic,40,55,80,35,60,30,3,False,-54.758353043543956,35.68604917480259,4.038465509954477
411,412,Metang,Steel,Psychic,60,75,100,55,80,50,3,False,-6.659478012837105,36.25525628020769,4.710291267784133
412,413,Metagross,Steel,Psychic,80,135,130,95,90,70,3,False,71.19731827923484,37.43323760816222,-21.13222806207051
413,414,Mega Metagross,Steel,Psychic,80,145,150,105,110,110,3,False,109.80650422369683,28.704142281265646,-18.705678795433123
414,415,Regirock,Rock,,80,100,200,50,100,50,3,True,55.084965385609514,113.92843250930726,-1.6873377287637232
415,416,Regice,Ice,,80,50,100,100,200,50,3,True,57.26277337418652,38.80351412757581,104.00127608620068
416,417,Registeel,Steel,,80,75,150,75,150,50,3,True,56.17386937989802,76.36597331844156,51.156969178718484
417,418,Latias,Dragon,Psychic,80,80,90,110,130,110,3,True,65.3627220700208,-16.422640277469267,39.02140262892268
418,419,Mega Latias,Dragon,Psychic,80,100,120,140,150,110,3,True,109.79637529970063,-2.0570385993841604,48.01737554553824
419,420,Latios,Dragon,Psychic,80,90,80,130,110,110,3,True,68.77749966174561,-33.75329542951972,28.181878395018696
420,421,Mega Latios,Dragon,Psychic,80,130,100,160,120,110,3,True,115.31894831929606,-26.5477719164056,16.746250621387947
421,422,Kyogre,Water,,100,100,90,150,140,90,3,True,98.99440736582567,-16.119356420323413,46.91376484296717
422,423,Primal Kyogre,Water,,100,150,90,180,160,90,3,True,146.795766652482,-20.313681805727665,32.751526299053346
423,424,Groudon,Ground,,100,150,140,100,90,90,3,True,97.50330909448407,32.93952924129847,-33.81088372253026
424,425,Primal Groudon,Ground,Fire,100,180,160,150,90,90,3,True,145.35173991588874,29.974475767333136,-35.65443503981869
425,426,Rayquaza,Dragon,Flying,105,150,90,150,90,95,3,True,107.06088276536259,-23.6558904363899,-17.662523289916535
426,427,Mega Rayquaza,Dragon,Flying,105,180,100,180,100,115,3,True,151.41225983395478,-35.68960719131729,-25.09042813541852
427,428,Jirachi,Steel,Psychic,100,100,100,100,100,100,3,True,64.8496112105678,-2.7180636539731817,5.017390832556638
428,429,Deoxys Normal Forme,Psychic,,50,150,50,150,50,150,3,True,77.51553828477606,-92.42623259257377,-45.634300009445816
429,430,DeoxysAttack Forme,Psychic,,50,180,20,180,20,150,3,True,84.32155770085151,-127.70217885239413,-73.47269209056648
430,431,Deoxys Defense Forme,Psychic,,50,70,160,70,160,90,3,True,62.98068771548094,62.28098566916204,54.71483403269921
431,432,Deoxys Speed Forme,Psychic,,50,95,90,95,90,180,3,True,63.23056875185122,-58.07267856734386,-7.65395877363619
432,433,Turtwig,Grass,,55,68,64,45,55,31,4,False,-46.48191542147596,20.914295367865325,-6.00689258772424
433,434,Grotle,Grass,,75,89,85,55,65,36,4,False,-11.451897302724987,32.990760051383965,-13.11860109207012
434,435,Torterra,Grass,Ground,95,109,105,75,85,56,4,False,36.64697772798185,33.55996715678907,-12.446775334240463
435,436,Chimchar,Fire,,44,58,44,58,44,61,4,False,-50.23595853425465,-18.398068381471784,-4.152656462961931
436,437,Monferno,Fire,Fighting,64,78,52,78,52,81,4,False,-11.437132103370972,-28.258038616084832,-10.46842138774662
437,438,Infernape,Fire,Fighting,76,104,71,104,71,108,4,False,41.782317098741835,-34.76883348376852,-12.989403156151882
438,439,Piplup,Water,,53,51,53,61,56,40,4,False,-48.16629703058911,0.7374325507104733,11.472442782800043
439,440,Prinplup,Water,,64,66,68,81,76,50,4,False,-10.414930442830451,2.8287906857525007,17.56049175179207
440,441,Empoleon,Water,Steel,84,86,88,111,101,60,4,False,41.472988046831105,6.195169802792659,26.224837120026535
441,442,Starly,Normal,Flying,40,55,30,30,30,60,4,False,-78.34661251513542,-19.65511414605127,-20.507464374754285
442,443,Staravia,Normal,Flying,55,75,50,40,40,80,4,False,-40.785267155962906,-17.202743991293822,-28.796430339539068
443,444,Staraptor,Normal,Flying,85,120,70,50,60,100,4,False,17.55419266011837,-10.464651530273603,-50.82306429782057
444,445,Bidoof,Normal,,59,45,40,35,40,31,4,False,-76.75576329304069,3.862374984917389,-2.3988499721566354
445,446,Bibarel,Normal,Water,79,85,60,55,60,71,4,False,-12.25385668150448,-5.559209919800953,-19.217114375490464
446,447,Kricketot,Bug,,37,25,41,25,41,25,4,False,-99.5097377522805,9.56149512810712,11.106376548298199
447,448,Kricketune,Bug,,77,85,51,55,51,65,4,False,-21.794068937384353,-10.00901194697021,-23.475389533151624
448,449,Shinx,Electric,,45,65,34,40,34,45,4,False,-68.63273664127786,-10.394049337829738,-19.76856134818308
449,450,Luxio,Electric,,60,85,49,60,49,60,4,False,-27.549223548975494,-11.50097782707173,-20.99292792557498
450,451,Luxray,Electric,,80,120,79,95,79,70,4,False,40.05516461284761,-1.0814435789551717,-18.24207676631121
451,452,Budew,Grass,Poison,40,30,35,50,70,55,4,False,-64.44767546299944,-15.922961259629625,28.008451859164104
452,453,Roserade,Grass,Poison,60,70,65,125,105,90,4,False,36.13369455669346,-33.98585278250144,41.60057483641485
453,454,Cranidos,Rock,,67,125,40,30,30,58,4,False,-32.57052606912317,-5.052919093998406,-72.52698632487898
454,455,Rampardos,Rock,,97,165,60,65,50,58,4,False,29.483768298628295,3.2413448098107027,-78.40040537345047
455,456,Shieldon,Rock,Steel,30,42,118,42,88,30,4,False,-35.10304735484489,62.87443285743211,33.5362730597249
456,457,Bastiodon,Rock,Steel,60,52,168,47,138,30,4,False,20.145227596831095,106.44464302106162,55.50124609227406
457,458,Burmy,Bug,,40,29,45,29,45,36,4,False,-87.8999528225923,5.600529557193196,10.291209773799364
458,459,Wormadam Plant Cloak,Bug,Grass,60,59,85,79,105,36,4,False,-2.760505014076419,27.817262568970296,40.54548007463695
459,460,Wormadam Sandy Cloak,Bug,Ground,60,79,105,59,85,36,4,False,-3.3569443226130504,47.440816833619046,8.255620648437981
460,461,Wormadam Trash Cloak,Bug,Steel,60,69,95,69,95,36,4,False,-3.058724668344732,37.629039701294666,24.400550361537466
461,462,Mothim,Bug,Flying,70,94,50,94,50,66,4,False,-0.061243791258005796,-26.009949304474418,-15.35618344858498
462,463,Combee,Bug,Flying,30,30,42,30,42,70,4,False,-81.10434654881647,-17.32255053011829,3.890012734917744
463,464,Vespiquen,Bug,Flying,70,80,102,80,102,40,4,False,17.704013364975502,38.4560906438838,23.508362902574614
464,465,Pachirisu,Electric,,60,45,70,45,90,95,4,False,-19.283029030520257,-7.24723632734106,20.454016323864867
465,466,Buizel,Water,,55,65,35,60,30,85,4,False,-43.551509996136325,-40.68188546435963,-20.547373699017946
466,467,Floatzel,Water,,85,105,55,85,50,115,4,False,23.23078217659149,-45.83704489085484,-34.59084774307205
467,468,Cherubi,Grass,,45,35,45,62,53,35,4,False,-63.814540347955734,-4.411229274448408,22.781929119203916
468,469,Cherrim,Grass,,70,60,70,87,78,85,4,False,4.490548006810493,-18.101839094984857,20.01985918345458
469,470,Shellos,Water,,76,48,48,57,62,34,4,False,-46.26281252573659,4.035755071222912,14.66953794055545
470,471,Gastrodon,Water,Ground,111,83,68,92,82,39,4,False,16.467364548562227,9.27793827341054,11.4329672231331
471,472,Ambipom,Normal,,75,100,66,60,66,115,4,False,15.530638618213139,-26.62958752967948,-30.859172226716957
472,473,Drifloon,Ghost,Flying,90,50,34,60,44,70,4,False,-40.18495147285746,-29.972077201586938,-1.9647998291325461
473,474,Drifblim,Ghost,Flying,150,80,44,90,54,80,4,False,18.942341071601113,-33.71212115442003,-11.491164092545747
474,475,Buneary,Normal,,55,66,44,44,56,85,4,False,-37.522979752570585,-23.69435834508428,-13.000225514541613
475,476,Lopunny,Normal,,65,76,84,54,96,105,4,False,13.04917708889383,-3.097658923253451,3.3639232176945124
476,477,Mega Lopunny,Normal,Fighting,65,136,94,54,96,135,4,False,56.24682762992552,-8.83539868052056,-44.36902511334297
477,478,Mismagius,Ghost,,60,60,60,105,105,105,4,False,24.030907344194365,-39.202384170014355,38.84055311587774
478,479,Honchkrow,Dark,Flying,100,125,52,105,52,71,4,False,33.02774080332095,-27.72929560954804,-35.09228298906822
479,480,Glameow,Normal,,49,55,42,42,37,85,4,False,-54.021883154772176,-28.717318288250798,-15.739153264189852
480,481,Purugly,Normal,,71,82,64,64,59,112,4,False,2.9876372742126893,-30.588888474836036,-19.372667470868105
481,482,Chingling,Psychic,,45,30,50,65,50,45,4,False,-60.75939552832217,-8.750357497750413,24.732872114018456
482,483,Stunky,Poison,Dark,63,63,47,41,41,74,4,False,-46.49561506203365,-16.622118562663676,-18.837671494241775
483,484,Skuntank,Poison,Dark,103,93,67,71,61,84,4,False,14.365546881471067,-12.515456505874017,-21.361310098434426
484,485,Bronzor,Steel,Psychic,57,24,86,24,86,23,4,False,-60.27477533130218,50.97412152007688,36.76390353418915
485,486,Bronzong,Steel,Psychic,67,89,116,79,116,33,4,False,29.287872521068245,55.601634417336015,25.887373594883478
486,487,Bonsly,Rock,,50,80,95,10,45,10,4,False,-58.902005396416286,66.94806855337853,-29.040065943317224
487,488,Mime Jr.,Psychic,Fairy,20,25,45,70,90,60,4,False,-49.41868356159201,-17.26675566695733,51.04651671984145
488,489,Happiny,Normal,,100,5,5,15,65,30,4,False,-98.10812994343993,-9.211454166453974,28.915205664277323
489,490,Chatot,Normal,Flying,76,65,45,92,42,91,4,False,-10.444846741189941,-46.479127676380685,-3.432903747103697
490,491,Spiritomb,Ghost,Dark,50,92,108,92,108,35,4,False,26.72402401705743,42.02562678338241,24.75449594436374
491,492,Gible,Dragon,Ground,58,70,45,40,45,42,4,False,-54.71450124195085,1.8257886923114766,-17.350026472249738
492,493,Gabite,Dragon,Ground,68,90,65,50,55,82,4,False,-12.112003004873838,-7.454604891530098,-28.2255407875365
493,494,Garchomp,Dragon,Ground,108,130,95,80,85,102,4,False,64.70071522889822,0.34764227687962673,-33.671232236798936
494,495,Mega Garchomp,Dragon,Ground,108,170,115,120,95,92,4,False,113.05936173457843,9.480894158463824,-39.81828672137621
495,496,Munchlax,Normal,,135,85,40,40,85,5,4,False,-22.395887268801708,31.01906297780922,-6.093694563278662
496,497,Riolu,Fighting,,40,70,40,35,40,60,4,False,-60.658297232148925,-11.732515371809892,-23.71701226237365
497,498,Lucario,Fighting,Steel,70,110,70,115,70,90,4,False,41.86791165118722,-29.278848800082102,-10.774415673801796
498,499,Mega Lucario,Fighting,Steel,70,145,88,140,70,112,4,False,85.89475763059174,-36.342661979090174,-29.142349990004977
499,500,Hippopotas,Ground,,68,72,78,38,42,32,4,False,-43.633343808690704,31.348731298680782,-18.982118800070868
500,501,Hippowdon,Ground,,108,112,118,68,72,47,4,False,35.34942479000759,48.98349603790092,-23.292340229916743
501,502,Skorupi,Poison,Bug,40,50,90,30,55,65,4,False,-46.477448860448355,23.141517573498472,-1.565353524065608
502,503,Drapion,Poison,Dark,70,90,110,60,75,95,4,False,22.84974114962087,16.069798590779737,-13.684911350200263
503,504,Croagunk,Poison,Fighting,48,61,40,61,40,50,4,False,-52.726984031679436,-16.288973868701344,-6.169926640830893
504,505,Toxicroak,Poison,Fighting,83,106,65,86,65,85,4,False,23.53512906138366,-19.385271962621744,-21.969360463347048
505,506,Carnivine,Grass,,74,100,72,90,72,46,4,False,12.568316383916798,6.793277665963683,-5.821781019527149
506,507,Finneon,Water,,49,49,56,49,61,66,4,False,-44.84056490981843,-7.007901489049965,7.6344013708447696
507,508,Lumineon,Water,,69,69,76,69,86,91,4,False,6.866454644989891,-8.449674480938452,10.289803023418477
508,509,Mantyke,Water,Flying,45,20,50,60,120,50,4,False,-38.99107386469966,1.6925378464687435,67.2481381957776
509,510,Snover,Grass,Ice,60,62,50,62,60,40,4,False,-39.69427611239166,0.10154031580380993,5.448211857220313
510,511,Abomasnow,Grass,Ice,90,92,75,92,85,60,4,False,25.306418357189216,2.370707896487697,4.985195229423376
511,512,Mega Abomasnow,Grass,Ice,90,132,105,132,105,30,4,False,74.86990970961595,31.716635856587963,7.542614686787171
512,513,Weavile,Dark,Ice,70,120,65,45,85,125,4,False,26.634714478578008,-22.712245705988277,-42.15185077064295
513,514,Magnezone,Electric,Steel,70,70,115,130,90,60,4,False,44.985094023318034,13.954405879820337,41.22050590211608
514,515,Lickilicky,Normal,,110,85,95,80,95,50,4,False,30.048384025175512,28.682832333335234,11.979908523400912
515,516,Rhyperior,Ground,Rock,115,140,130,55,55,40,4,False,40.211846175466114,65.82430875025125,-56.846260315406674
516,517,Tangrowth,Grass,,100,100,125,110,50,50,4,False,43.37549978179719,30.940803358818474,-9.93340191201302
517,518,Electivire,Electric,,75,123,67,95,85,95,4,False,46.009887392333724,-22.76417583988041,-20.993670737380153
518,519,Magmortar,Fire,,75,95,67,125,95,83,4,False,47.49487794735594,-27.754893046186204,18.138660073324832
519,520,Togekiss,Fairy,Flying,85,50,95,120,115,80,4,False,43.34131589734204,-4.188836035862245,60.90453256793909
520,521,Yanmega,Bug,Flying,86,76,86,116,56,95,4,False,32.63679707026235,-25.780791456345444,5.873954425967464
521,522,Leafeon,Grass,,65,110,130,60,65,95,4,False,34.87254163689819,29.554933140099557,-32.5762799060916
522,523,Glaceon,Ice,,65,60,110,130,95,65,4,False,40.25710316925486,7.490858614730652,50.59576958374982
523,524,Gliscor,Ground,Flying,75,95,125,45,75,95,4,False,24.893073312033195,32.841412519670584,-22.78109608435545
524,525,Mamoswine,Ice,Ground,110,130,80,70,60,80,4,False,37.44406947445046,2.163694396697632,-48.60978913390727
525,526,Porygon-Z,Normal,,85,80,70,135,75,90,4,False,43.74472304539785,-37.73879147908315,20.65330813354746
526,527,Gallade,Psychic,Fighting,68,125,65,65,115,80,4,False,35.78153114525466,1.0602898194563237,-15.283352902704314
527,528,Mega Gallade,Psychic,Fighting,68,165,95,65,115,110,4,False,76.73404431496867,7.695834771182132,-47.57749359338886
528,529,Probopass,Rock,Steel,60,55,145,75,150,40,4,False,35.12575482776808,76.27754640183602,68.17788689898013
529,530,Dusknoir,Ghost,,45,100,135,65,135,45,4,False,39.61837446745661,70.48114232503274,23.0981765242998
530,531,Froslass,Ice,Ghost,70,80,70,80,70,110,4,False,15.812068551318509,-29.680981295917892,-5.210398223565563
531,532,Rotom,Electric,Ghost,50,50,77,95,77,91,4,False,1.850929550397468,-21.54199250379394,30.46749872196898
532,533,Heat Rotom,Electric,Fire,50,65,107,105,107,86,4,False,35.947924757154134,4.726432688046087,41.54822194990026
533,534,Wash Rotom,Electric,Water,50,65,107,105,107,86,4,False,35.947924757154134,4.726432688046087,41.54822194990026
534,535,Frost Rotom,Electric,Ice,50,65,107,105,107,86,4,False,35.947924757154134,4.726432688046087,41.54822194990026
535,536,Fan Rotom,Electric,Flying,50,65,107,105,107,86,4,False,35.947924757154134,4.726432688046087,41.54822194990026
536,537,Mow Rotom,Electric,Grass,50,65,107,105,107,86,4,False,35.947924757154134,4.726432688046087,41.54822194990026
537,538,Uxie,Psychic,,75,75,130,75,130,95,4,True,53.898100766534135,32.851079220609215,33.32196900916499
538,539,Mesprit,Psychic,,80,105,105,105,105,80,4,True,61.17428646790797,10.77296351727022,10.26125096969499
539,540,Azelf,Psychic,,75,125,70,125,70,115,4,True,64.03662161324677,-46.15484062427411,-21.779825067977203
540,541,Dialga,Steel,Dragon,100,120,120,150,100,90,4,True,104.49819118361204,-0.685770546453677,11.918269380858753
541,542,Palkia,Water,Dragon,90,120,100,150,120,100,4,True,105.037387346656,-17.29516866894416,21.052981339285264
542,543,Heatran,Fire,Steel,91,90,106,130,106,77,4,True,69.60751751628558,3.1036921871952807,31.20295649681888
543,544,Regigigas,Normal,,110,160,110,80,110,100,4,True,95.00331863668193,18.65595267268783,-41.271589094657806
544,545,Giratina Altered Forme,Ghost,Dragon,150,100,120,100,120,90,4,True,92.11918707779049,22.53738440437835,15.154167382532423
545,546,Giratina Origin Forme,Ghost,Dragon,150,120,100,120,100,90,4,True,96.65653335517413,-0.979913102168559,-3.4047606715480265
546,547,Cresselia,Psychic,,120,70,120,75,130,85,4,False,57.89107965666208,33.17672612412967,35.345362179909536
547,548,Phione,Water,,80,80,80,80,80,80,4,False,16.752401121915195,-3.2853201829551586,4.344949859735777
548,549,Manaphy,Water,,100,100,100,100,100,100,4,False,64.85127615262203,-2.716113077550055,5.016775617565432
549,550,Darkrai,Dark,,70,90,90,135,90,125,4,True,69.14384046547067,-41.25699392653339,18.13324913738333
550,551,Shaymin Land Forme,Grass,,100,100,100,100,100,100,4,True,64.85127615262203,-2.716113077550055,5.016775617565432
551,552,Shaymin Sky Forme,Grass,Flying,100,103,75,120,75,127,4,True,65.97045577320789,-47.4344568498683,-7.926331671426099
552,553,Arceus,Normal,,120,120,120,120,120,120,4,True,112.95015118332887,-2.1469059721449444,5.688601375395083
553,554,Victini,Psychic,Fire,100,100,100,100,100,100,5,True,64.85294109467628,-2.714162501126928,5.016160402574227
554,555,Snivy,Grass,,45,45,55,45,55,63,5,False,-53.77824865211938,-5.958026389960006,6.398298268268422
555,556,Servine,Grass,,60,60,75,60,75,83,5,False,-12.192773215886396,-4.066054243023839,9.093293277789362
556,557,Serperior,Grass,,75,75,95,75,95,113,5,False,32.66530004689966,-7.934929577004802,10.347547434095738
557,558,Tepig,Fire,,65,63,45,45,45,45,5,False,-52.53074180401013,-2.0573942773921723,-11.158841464426844
558,559,Pignite,Fire,Fighting,90,93,55,70,55,55,5,False,-6.476646523304331,-5.358360111355095,-20.54458845426945
559,560,Emboar,Fire,Fighting,110,123,65,100,65,65,5,False,40.61830381954127,-10.78695427830631,-27.711485870265463
560,561,Oshawott,Water,,55,55,45,63,45,45,5,False,-50.32032951107355,-9.991507414010728,2.2005670138312454
561,562,Dewott,Water,,75,75,60,83,60,60,5,False,-7.732773643569558,-10.887367126487959,0.681267080512196
562,563,Samurott,Water,,95,100,85,108,70,70,5,False,40.06234379730798,-4.353986729615562,-4.134745050505758
563,564,Patrat,Normal,,45,55,39,35,39,42,5,False,-73.21164659846626,-3.1672458784224533,-11.045070180006217
564,565,Watchog,Normal,,60,85,69,60,69,77,5,False,-6.484061302075766,-3.9105057348441274,-11.796818120007028
565,566,Lillipup,Normal,,45,60,45,25,45,55,5,False,-66.93258181678773,-1.2259140832308837,-16.924222497400475
566,567,Herdier,Normal,,65,80,65,35,65,60,5,False,-28.832399200593354,11.817683355996984,-17.93911789558789
567,568,Stoutland,Normal,,85,110,90,45,90,80,5,False,22.980618369218583,21.33095160804545,-25.507932683208352
568,569,Purrloin,Dark,,41,50,37,50,37,66,5,False,-62.940419604777276,-25.032735483970022,-6.007599222639881
569,570,Liepard,Dark,,64,88,50,88,50,106,5,False,5.214732943639865,-47.46407060188254,-18.691958974404887
570,571,Pansage,Grass,,50,53,48,53,48,64,5,False,-49.35700353332373,-14.860863252237527,-0.8819811710611647
571,572,Simisage,Grass,,75,98,63,98,63,101,5,False,26.981094424159803,-35.8886877374468,-14.507023816200068
572,573,Pansear,Fire,,50,53,48,53,48,64,5,False,-49.35700353332373,-14.860863252237527,-0.8819811710611647
573,574,Simisear,Fire,,75,98,63,98,63,101,5,False,26.981094424159803,-35.8886877374468,-14.507023816200068
574,575,Panpour,Water,,50,53,48,53,48,64,5,False,-49.35700353332373,-14.860863252237527,-0.8819811710611647
575,576,Simipour,Water,,75,98,63,98,63,101,5,False,26.981094424159803,-35.8886877374468,-14.507023816200068
576,577,Munna,Psychic,,76,25,45,67,55,24,5,False,-59.682949691050034,0.9020463721121597,32.84734100982759
577,578,Musharna,Psychic,,116,55,85,107,95,29,5,False,20.13179001356631,21.43797529027694,46.53788973910502
578,579,Pidove,Normal,Flying,50,55,50,36,30,43,5,False,-70.23370236660288,2.1667308946959976,-15.509788204013132
579,580,Tranquill,Normal,Flying,62,77,62,50,42,65,5,False,-32.15490242282752,-3.25376466961208,-23.082171342729293
580,581,Unfezant,Normal,Flying,80,115,80,65,55,93,5,False,20.765734545855153,-6.690930713384657,-42.38517352073454
581,582,Blitzle,Electric,,45,60,32,50,32,76,5,False,-57.410689844127624,-34.20476702596084,-17.90008710571932
582,583,Zebstrika,Electric,,75,100,63,80,63,116,5,False,23.7141425423326,-37.47725426124672,-25.05509432600538
583,584,Roggenrola,Rock,,55,75,85,25,25,15,5,False,-62.28349595729294,47.71839135649784,-31.86296905161553
584,585,Boldore,Rock,,70,105,105,50,40,20,5,False,-15.095590251239214,54.69724918298077,-36.81943298883595
585,586,Gigalith,Rock,,85,135,130,60,80,25,5,False,36.220024636016284,75.24905080913508,-33.82036417665341
586,587,Woobat,Psychic,Flying,55,45,43,55,43,72,5,False,-52.03507798295869,-24.982948021721104,1.372006541745589
587,588,Swoobat,Psychic,Flying,67,57,55,77,55,114,5,False,-8.268163810192542,-45.75708531367649,1.300711872638609
588,589,Drilbur,Ground,,60,85,40,30,45,68,5,False,-45.202058208769806,-11.560787259889794,-36.22637982126399
589,590,Excadrill,Ground,Steel,110,135,60,50,65,88,5,False,26.70782736473162,-7.428813066329879,-59.23706688109876
590,591,Audino,Normal,,103,60,86,60,86,50,5,False,-1.5325336269396546,26.320013152529665,17.71660269148709
591,592,Mega Audino,Normal,Fairy,103,60,126,80,126,50,5,False,39.647219721836606,53.417699394362764,48.704236505212734
592,593,Timburr,Fighting,,75,80,55,25,35,35,5,False,-54.73302683440799,18.30630303492471,-35.41374243116199
593,594,Gurdurr,Fighting,,85,105,85,40,50,40,5,False,-12.797069281966758,35.476579289514106,-39.85585374180131
594,595,Conkeldurr,Fighting,,105,140,95,55,65,45,5,False,29.463193228333772,39.9302569127847,-53.022335177280674
595,596,Tympole,Water,,50,50,40,50,40,64,5,False,-58.56265002476916,-20.893347854605476,-4.503433422012247
596,597,Palpitoad,Water,Ground,75,65,55,65,55,69,5,False,-22.753006027888866,-14.283457491104983,-3.14868996227974
597,598,Seismitoad,Water,Ground,105,95,75,85,75,74,5,False,28.37397577725324,-3.885390134939244,-8.209923863849722
598,599,Throh,Fighting,,120,100,85,30,85,45,5,False,5.616193676881975,43.61013586308306,-23.908813732594602
599,600,Sawk,Fighting,,75,125,75,30,75,85,5,False,9.742454416081053,11.889774521488341,-51.1011297460384
600,601,Sewaddle,Bug,Grass,45,53,70,40,60,42,5,False,-51.57109802600385,19.966258445566584,4.983090170771058
601,602,Swadloon,Bug,Grass,55,63,90,50,80,42,5,False,-23.044217837350846,34.70269059586807,12.582736138412397
602,603,Leavanny,Bug,Grass,75,103,80,70,80,92,5,False,25.423856322830368,-4.813797853482866,-17.73735318196918
603,604,Venipede,Bug,Poison,30,45,59,30,39,57,5,False,-72.67599542903903,2.6135723109793934,-6.110794196980327
604,605,Whirlipede,Bug,Poison,40,55,99,40,79,47,5,False,-31.921632067233816,40.49281417556162,14.575577094899478
605,606,Scolipede,Bug,Poison,60,100,89,55,69,112,5,False,17.431208755716526,-7.104547487343731,-28.889584479609656
606,607,Cottonee,Grass,Fairy,40,27,60,37,50,66,5,False,-67.3130719257758,-3.6020635055710386,13.8340945038743
607,608,Whimsicott,Grass,Fairy,60,67,85,77,75,116,5,False,14.516044111605478,-22.105243557759724,6.182250236759711
608,609,Petilil,Grass,,45,35,50,70,50,30,5,False,-60.657270506825306,-1.640969518247415,25.165132283084954
609,610,Lilligant,Grass,,70,60,75,110,75,90,5,False,18.555109186518244,-26.842105488371576,26.734070147879425
610,611,Basculin,Water,,70,92,65,80,55,98,5,False,9.982606186566825,-27.931849816038564,-20.566678247998563
611,612,Sandile,Ground,Dark,50,72,35,35,35,65,5,False,-58.9014844835689,-18.381251245485615,-29.400221579055838
612,613,Krokorok,Ground,Dark,60,82,45,45,45,74,5,False,-35.179306750870786,-17.520562944691353,-28.920234614819563
613,614,Krookodile,Ground,Dark,95,117,80,65,70,92,5,False,31.851923514051837,-2.7202184103326488,-36.47492138461396
614,615,Darumaka,Fire,,70,90,45,15,45,50,5,False,-51.351708637154154,8.839327081064786,-43.43926396836938
615,616,Darmanitan Standard Mode,Fire,,105,140,55,30,55,95,5,False,13.932604839931008,-8.838445318420693,-76.91391154689053
616,617,Darmanitan Zen Mode,Fire,Psychic,105,30,105,140,105,55,5,False,41.3620708520155,7.075573717329777,80.63751633879448
617,618,Maractus,Grass,,75,86,67,106,67,60,5,False,14.820594518345624,-12.777857679997975,5.572641597696157
618,619,Dwebble,Bug,Rock,50,65,85,35,35,55,5,False,-46.5925784938112,21.604249354092026,-20.770969802637854
619,620,Crustle,Bug,Rock,70,95,125,65,75,45,5,False,17.207297695486183,53.770293499020475,-7.5874088056688835
620,621,Scraggy,Dark,Fighting,50,75,70,35,70,48,5,False,-35.86108365006638,22.060258823216433,-8.761780572509407
621,622,Scrafty,Dark,Fighting,65,90,115,45,115,58,5,False,19.281997371903717,53.35709079899777,8.007519661086521
622,623,Sigilyph,Psychic,Flying,72,58,80,103,80,97,5,False,20.773924460062045,-23.914687572424896,27.28645246640054
623,624,Yamask,Ghost,,38,30,85,55,65,30,5,False,-53.62432357987815,30.371146460751216,33.02312998019468
624,625,Cofagrigus,Ghost,,58,50,145,95,105,30,5,False,21.2217267031991,66.0819601971638,56.74828597277375
625,626,Tirtouga,Water,Rock,54,78,103,53,45,22,5,False,-29.82457161141093,49.132029759700984,-12.666896873079443
626,627,Carracosta,Water,Rock,74,108,133,83,65,32,5,False,28.826768509490098,59.346510539783424,-13.595702460754218
627,628,Archen,Rock,Flying,55,112,45,74,45,70,5,False,-8.445227308528509,-24.246983727619508,-38.803203535775296
628,629,Archeops,Rock,Flying,75,140,65,112,65,110,5,False,59.3036099608029,-41.486724805769036,-39.930204481758466
629,630,Trubbish,Poison,,50,50,62,40,62,65,5,False,-46.27509681712091,1.48384496644983,4.315242974953686
630,631,Garbodor,Poison,,80,95,82,60,82,75,5,False,13.88156084709016,10.149665795940116,-12.422817694274348
631,632,Zorua,Dark,,40,65,40,80,40,65,5,False,-38.58071182267614,-32.24275027978478,-3.4705998290134485
632,633,Zoroark,Dark,,60,105,60,120,60,105,5,False,36.10078613822577,-49.33057340939724,-12.593199360669454
633,634,Minccino,Normal,,55,50,40,40,40,75,5,False,-58.548545315042034,-23.1860921944025,-10.231014152314323
634,635,Cinccino,Normal,,75,95,60,65,60,115,5,False,10.96271811576641,-34.14151091741666,-28.777514451412284
635,636,Gothita,Psychic,,45,30,50,55,65,45,5,False,-59.931989428475994,-2.3069568793853166,28.99626342724235
636,637,Gothorita,Psychic,,60,45,70,75,85,55,5,False,-19.07421398145466,3.4293031922444515,35.0559155078973
637,638,Gothitelle,Psychic,,70,55,95,95,110,65,5,False,21.690079958360574,12.91725930752266,47.974149175918974
638,639,Solosis,Psychic,,45,30,40,105,50,20,5,False,-52.38639173212198,-16.63085849917454,43.31033918261002
639,640,Duosion,Psychic,,65,40,50,125,60,30,5,False,-20.23907299168247,-19.75723650538951,46.90421778550945
640,641,Reuniclus,Psychic,,110,65,75,125,85,30,5,False,24.99470814441778,5.783463966836406,40.54653760252705
641,642,Ducklett,Water,Flying,62,44,50,44,50,55,5,False,-56.15947309145708,-4.670438358907827,3.982268602084613
642,643,Swanna,Water,Flying,75,87,63,87,63,98,5,False,14.978730073794972,-30.785999092920846,-10.2726825895546
643,644,Vanillite,Ice,,36,50,50,65,60,44,5,False,-49.99074021491307,-5.282455733371398,16.206495212985885
644,645,Vanillish,Ice,,51,65,65,80,75,59,5,False,-13.916583941882939,-4.855550404317567,16.710364531358124
645,646,Vanilluxe,Ice,,71,95,85,110,95,79,5,False,44.20100472736837,-7.354010935504113,13.92571849765951
646,647,Deerling,Normal,Grass,60,60,50,40,50,75,5,False,-44.36554407612615,-13.518590825100528,-12.007259500096698
647,648,Sawsbuck,Normal,Grass,80,100,70,60,70,95,5,False,13.591166882303938,-11.418480767984612,-25.9440421970014
648,649,Emolga,Electric,Flying,55,75,60,75,60,103,5,False,-3.7486106299441406,-33.43679111153305,-7.412451113272949
649,650,Karrablast,Bug,,50,75,45,40,45,60,5,False,-48.76416967049287,-8.496770501812156,-23.124233967227315
650,651,Escavalier,Bug,Steel,70,135,105,60,105,20,5,False,30.414952255752603,64.4632518592446,-19.733211057531204
651,652,Foongus,Grass,Poison,69,55,45,55,55,15,5,False,-56.05494853826461,12.687410179969582,8.026602870910457
652,653,Amoonguss,Grass,Poison,114,85,70,85,80,30,5,False,11.821575343644602,18.470207831406345,7.399156601939354
653,654,Frillish,Water,Ghost,55,40,50,65,85,40,5,False,-40.654106709505086,1.4057113506710157,36.48608063587241
654,655,Jellicent,Water,Ghost,100,60,70,85,105,60,5,False,14.964982197209855,3.0302623398999553,35.68323961406633
655,656,Alomomola,Water,,165,75,80,40,45,65,5,False,0.7873355461306901,17.809716029550408,-29.175223005326515
656,657,Joltik,Bug,Electric,50,47,50,57,50,65,5,False,-48.40116815914172,-15.691270307484949,6.060258701475645
657,658,Galvantula,Bug,Electric,70,77,60,97,60,108,5,False,14.583150686011855,-43.963780273909755,-2.0132510942895046
658,659,Ferroseed,Grass,Steel,44,50,91,24,86,10,5,False,-53.71963743414955,63.38261575450387,20.619436959037415
659,660,Ferrothorn,Grass,Steel,74,94,131,54,116,20,5,False,22.590313886413625,83.78184727099521,14.69773097670625
660,661,Klink,Steel,,40,55,70,45,60,30,5,False,-53.4715767629554,24.904737384849923,7.469967923001697
661,662,Klang,Steel,,60,80,95,70,85,50,5,False,3.5116753369499984,28.285601230300113,9.325053902823193
662,663,Klinklang,Steel,,60,100,115,70,85,90,5,False,34.07260112729106,20.677301919046123,-10.216318779150852
663,664,Tynamo,Electric,,35,55,40,45,40,60,5,False,-64.46425633640588,-16.922929898381692,-8.618405344548023
664,665,Eelektrik,Electric,,65,85,70,75,70,40,5,False,-8.678932923110949,12.735118164311622,-0.4069624417307406
665,666,Eelektross,Electric,,85,115,80,105,80,50,5,False,38.41601741973465,7.306523997360403,-7.57385985772675
666,667,Elgyem,Psychic,,55,55,55,85,55,30,5,False,-36.28163526674823,-1.0921171233367535,18.64990188801064
667,668,Beheeyem,Psychic,,75,75,75,125,95,40,5,False,26.611615730070966,1.0494738107512642,39.27391865613802
668,669,Litwick,Ghost,Fire,50,30,55,65,55,20,5,False,-63.560162127522666,10.210271116071205,30.950671793892475
669,670,Lampent,Ghost,Fire,60,40,60,95,60,55,5,False,-25.0246589463472,-15.918972816754078,32.468901293692745
670,671,Chandelure,Ghost,Fire,60,55,90,145,90,80,5,False,39.24931243880007,-22.265566517453667,54.618731705336
671,672,Axew,Dragon,,46,87,60,30,40,57,5,False,-46.386599050189766,7.37298670688753,-37.15035946733816
672,673,Fraxure,Dragon,,66,117,70,40,50,67,5,False,-9.471240056709869,9.610630764830429,-52.01292175501201
673,674,Haxorus,Dragon,,76,147,90,60,70,97,5,False,43.821065214008414,4.762304311644276,-59.4962743659098
674,675,Cubchoo,Ice,,55,70,40,60,40,40,5,False,-49.96521043088882,-9.15846128437585,-12.1013647491199
675,676,Beartic,Ice,,95,110,80,70,80,50,5,False,21.145359126817112,20.761852706526934,-17.978987981333646
676,677,Cryogonal,Ice,,70,50,30,95,135,105,5,False,17.433970028448627,-51.3502480355358,56.68492213024068
677,678,Shelmet,Bug,,50,40,85,40,65,25,5,False,-54.35669538083343,40.2732654099712,19.95960747145126
678,679,Accelgor,Bug,,80,70,40,100,60,145,5,False,20.163845765957593,-80.44671782731021,-2.4966954587475394
679,680,Stunfisk,Ground,Electric,109,66,84,81,99,32,5,False,12.393092043162,30.222676605831204,30.60112229595374
680,681,Mienfoo,Fighting,,45,85,50,55,50,65,5,False,-32.193281806605754,-12.22699965350976,-22.17073049376028
681,682,Mienshao,Fighting,,65,125,60,95,60,105,5,False,34.7381756544435,-38.00580389980403,-37.11632226092824
682,683,Druddigon,Dragon,,77,120,90,60,90,48,5,False,22.66544835981207,34.443726311341464,-21.95822415704714
683,684,Golett,Ground,Ghost,59,74,50,35,50,35,5,False,-53.401156625313895,12.470776965636139,-18.335251552286536
684,685,Golurk,Ground,Ghost,89,124,80,55,80,55,5,False,20.242598347233695,24.44945716881879,-34.343212952900764
685,686,Pawniard,Dark,Steel,45,85,70,40,40,60,5,False,-37.79526689715086,8.568403129993156,-31.799802177995474
686,687,Bisharp,Dark,Steel,65,125,100,60,70,70,5,False,24.638886734578776,25.120341784708014,-38.47285178617368
687,688,Bouffalant,Normal,,95,110,95,40,95,55,5,False,19.137331765824058,42.41725797843225,-21.508367362189727
688,689,Rufflet,Normal,Flying,70,83,50,37,50,60,5,False,-36.456782651075635,-1.5447079219937396,-28.390264385825347
689,690,Braviary,Normal,Flying,100,123,75,57,75,80,5,False,28.383034107684008,5.3230302469926025,-40.00541767682837
690,691,Vullaby,Dark,Flying,70,55,75,45,65,60,5,False,-30.754506382160148,13.234098161028033,4.289641345551104
691,692,Mandibuzz,Dark,Flying,110,65,105,55,95,80,5,False,21.091866610661352,26.406229126765655,13.061197706712386
692,693,Heatmor,Fire,,85,97,66,105,66,65,5,False,23.60280512481964,-14.879933443909536,-4.739412658004402
693,694,Durant,Bug,Steel,58,109,112,48,48,109,5,False,17.193833267269095,10.249521461724703,-48.0085908772064
694,695,Deino,Dark,Dragon,52,65,50,45,50,38,5,False,-53.871267655422855,5.92500099317341,-7.9328608694835205
695,696,Zweilous,Dark,Dragon,72,85,70,65,70,58,5,False,-5.7723926247160104,6.4942080985785156,-7.26103511165387
696,697,Hydreigon,Dark,Dragon,92,105,90,125,90,98,5,False,69.23086075782835,-19.790756207638868,5.920638683102314
697,698,Larvesta,Bug,Fire,55,85,55,50,55,60,5,False,-29.49137275689415,-2.6623882449572362,-21.05264687917077
698,699,Volcarona,Bug,Fire,85,60,65,135,105,100,5,False,47.0890489121301,-43.28797639147406,49.83668865177943
699,700,Cobalion,Steel,Fighting,91,90,129,90,72,108,5,True,54.74110620817977,10.657091058850979,-6.087391028220866
700,701,Terrakion,Rock,Fighting,91,129,90,72,90,108,5,True,57.05613606678989,-3.4412026058865766,-33.38495755455429
701,702,Virizion,Grass,Fighting,91,90,72,90,129,108,5,True,55.523955285828166,-19.05818624207393,22.371529356171482
702,703,Tornadus Incarnate Forme,Flying,,79,115,70,125,80,111,5,True,62.94725490262932,-42.70626022359778,-8.72789375635445
703,704,Tornadus Therian Forme,Flying,,79,100,80,110,90,121,5,True,58.941822771218334,-35.17462513294564,0.8390653132353539
704,705,Thundurus Incarnate Forme,Electric,Flying,79,115,70,125,80,111,5,True,62.94725490262932,-42.70626022359778,-8.72789375635445
705,706,Thundurus Therian Forme,Electric,Flying,79,105,70,145,80,101,5,True,64.92533046158033,-45.37710244343016,7.712816195905118
706,707,Reshiram,Dragon,Fire,100,120,100,150,120,90,5,True,104.77454001256045,-11.110233058074378,21.903240265654333
707,708,Zekrom,Dragon,Electric,100,150,120,120,100,90,5,True,104.01722299320257,13.11189179487684,-21.538755823750737
708,709,Landorus Incarnate Forme,Ground,Flying,89,125,90,115,80,101,5,True,70.13456347206382,-18.02051694014494,-18.198957092581715
709,710,Landorus Therian Forme,Ground,Flying,89,145,90,105,80,91,5,True,71.63000589855116,-6.895647395069942,-35.21465712994043
710,711,Kyurem,Dragon,Ice,125,130,90,130,90,95,5,True,93.04295647318861,-16.672378903301283,-11.930543560550992
711,712,Kyurem Black Kyurem,Dragon,Ice,125,170,100,120,90,95,5,True,111.47518193215501,-2.825360057080742,-44.58049331304935
712,713,Kyurem White Kyurem,Dragon,Ice,125,120,90,170,100,95,5,True,112.41691242970825,-31.031419542614966,16.172983052874503
713,714,Keldeo Ordinary Forme,Water,Fighting,91,72,90,129,90,108,5,False,57.9731390184709,-29.653054959210614,30.18222142572044
714,715,Keldeo Resolute Forme,Water,Fighting,91,72,90,129,90,108,5,False,57.9731390184709,-29.653054959210614,30.18222142572044
715,716,Meloetta Aria Forme,Normal,Psychic,100,77,77,128,128,90,5,False,66.78299192110669,-20.56751833761441,48.2181021351884
716,717,Meloetta Pirouette Forme,Normal,Fighting,100,128,90,77,77,128,5,False,63.23381616806938,-18.83663194558226,-41.17323309650958
717,718,Genesect,Bug,Steel,71,120,95,120,95,99,5,False,71.96464024301417,-13.84310248979506,-2.9535917485393703
718,719,Chespin,Grass,,56,61,65,48,45,38,6,False,-49.373318669867864,14.198387369294883,-6.174648279655317
719,720,Quilladin,Grass,,61,78,95,56,58,57,6,False,-12.654496523151236,24.815453114598146,-10.270481280601894
720,721,Chesnaught,Grass,Fighting,88,107,122,74,75,64,6,False,38.19506537910476,38.9695878787728,-16.81383748153387
721,722,Fennekin,Fire,,40,45,40,62,60,60,6,False,-51.34743149275108,-20.513889939549315,15.747450738232299
722,723,Braixen,Fire,,59,59,58,90,70,73,6,False,-9.430658811532808,-22.609375580726372,19.456717688324485
723,724,Delphox,Fire,Psychic,75,69,72,114,100,104,6,False,39.83172156896082,-33.27702385845732,32.78194528107969
724,725,Froakie,Water,,41,56,40,62,44,71,6,False,-48.334861522894364,-28.748831447892165,-2.5837137499173264
725,726,Frogadier,Water,,54,63,52,83,56,97,6,False,-12.476733866971902,-40.262812841710186,2.8585591450332615
726,727,Greninja,Water,Dark,72,95,67,103,71,122,6,False,38.696504273638446,-46.08540577478396,-8.7486733719701
727,728,Bunnelby,Normal,,38,36,38,32,36,57,6,False,-82.86236992992188,-13.623360450171015,-1.7339394273670192
728,729,Diggersby,Normal,Ground,85,56,77,50,77,78,6,False,-11.818548071357545,5.136798703122939,8.57686941198005
729,730,Fletchling,Normal,Flying,45,50,43,40,38,62,6,False,-65.45617655877915,-14.379326754477066,-8.725848196970054
730,731,Fletchinder,Fire,Flying,62,73,55,56,52,84,6,False,-23.573744664149473,-19.931054759658252,-15.47245009864177
731,732,Talonflame,Fire,Flying,78,81,71,74,69,126,6,False,20.883303595466227,-35.65898880025945,-11.52711657740411
732,733,Scatterbug,Bug,,38,35,40,27,25,35,6,False,-96.67666527024052,0.3681611675920949,-5.623457333888811
733,734,Spewpa,Bug,,45,22,60,27,30,29,6,False,-93.35761326667969,17.898710328869708,7.857821482289154
734,735,Vivillon,Bug,Flying,80,52,50,90,50,89,6,False,-12.260227073766174,-40.51550835782193,9.877960227791418
735,736,Litleo,Fire,Normal,62,50,58,73,54,72,6,False,-28.254077698143224,-18.861473061813577,10.803762195469682
736,737,Pyroar,Fire,Normal,86,68,72,109,66,106,6,False,27.348795452377885,-38.03704441064209,12.264622947025225
737,738,Flabébé,Fairy,,44,38,39,61,79,42,6,False,-52.88171710924224,-7.51933711334904,33.06655336670408
738,739,Floette,Fairy,,54,45,47,75,98,52,6,False,-25.486984469329858,-8.823036856755353,41.91697394803517
739,740,Florges,Fairy,,78,65,68,112,154,75,6,False,48.027480102224835,-9.374327851550579,67.97186937909545
740,741,Skiddo,Grass,,66,65,48,62,57,52,6,False,-34.424679339154586,-8.236742485545511,-0.5325066033149616
741,742,Gogoat,Grass,,123,100,62,97,81,68,6,False,37.816810476978006,-11.878490278280895,-4.7375017239572825
742,743,Pancham,Fighting,,67,82,62,46,48,43,6,False,-35.05415447894082,12.592424896297997,-22.154639538973168
743,744,Pangoro,Fighting,Dark,95,124,78,69,71,58,6,False,25.84601595692637,14.654651951891308,-34.69312833778871
744,745,Furfrou,Normal,,75,80,60,65,90,102,6,False,11.147702602458827,-22.581973970594547,0.2749677119342282
745,746,Espurr,Psychic,,62,48,54,63,60,68,6,False,-34.79502107451082,-14.614610412513528,12.07178269488793
746,747,Meowstic Male,Psychic,,74,48,76,83,81,104,6,False,7.431345088440631,-23.5670647764069,26.142734094624206
747,748,Meowstic Female,Psychic,,74,48,76,83,81,104,6,False,7.431345088440631,-23.5670647764069,26.142734094624206
748,749,Honedge,Steel,Ghost,45,80,100,35,37,28,6,False,-43.0393313512253,48.87351476880352,-25.838879781318916
749,750,Doublade,Steel,Ghost,59,110,150,45,49,35,6,False,7.103532321187837,80.74228331757726,-37.17332288613814
750,751,Aegislash Blade Forme,Steel,Ghost,60,150,50,150,50,60,6,False,51.07523822236442,-40.15061598152067,-33.25934468734267
751,752,Aegislash Shield Forme,Steel,Ghost,60,50,150,50,150,60,6,False,28.388506835446137,77.43587155121388,59.53529558305956
752,753,Spritzee,Fairy,,78,52,60,63,65,23,6,False,-38.48155205006318,17.33150386897906,17.64261418147661
753,754,Aromatisse,Fairy,,101,72,72,99,89,29,6,False,12.614181834180629,15.093427984062208,28.142126400426264
754,755,Swirlix,Fairy,,62,48,66,59,57,49,6,False,-39.664363447486416,5.685093856731088,12.145809060220365
755,756,Slurpuff,Fairy,,82,80,86,85,75,72,6,False,17.596131648300034,2.7969395641533215,4.847368422207844
756,757,Inkay,Dark,Psychic,53,54,53,37,46,45,6,False,-61.20719368493431,5.551143989397776,-6.083139830715867
757,758,Malamar,Dark,Psychic,86,92,88,68,75,73,6,False,17.149944416430284,11.214972865730278,-10.75611264306024
758,759,Binacle,Rock,Water,42,52,67,39,56,50,6,False,-53.57503312380335,12.758473471218776,2.064802530993464
759,760,Barbaracle,Rock,Water,72,105,115,54,86,68,6,False,25.19940853601568,40.54928706419836,-17.023038918050762
760,761,Skrelp,Poison,Water,50,60,60,60,60,30,6,False,-44.16902305474561,13.009778753707845,8.583982943421692
761,762,Dragalge,Poison,Dragon,65,75,90,97,123,44,6,False,27.41466570115499,24.354706503381387,44.27769178014774
762,763,Clauncher,Water,,50,53,62,58,63,44,6,False,-42.1112105850755,7.087485021783848,12.61577993228321
763,764,Clawitzer,Water,,71,73,88,120,89,59,6,False,30.679340220974677,-0.3051819792680763,33.60368101736531
764,765,Helioptile,Electric,Normal,44,38,33,61,43,70,6,False,-60.19954115975483,-34.080960588915914,9.315005708288114
765,766,Heliolisk,Electric,Normal,62,55,52,109,94,109,6,False,18.13321299056997,-50.80881896098,37.05557650903743
766,767,Tyrunt,Rock,Dragon,58,89,77,45,45,48,6,False,-28.657453002983132,20.157679861635142,-28.841644531249376
767,768,Tyrantrum,Rock,Dragon,82,121,119,69,59,71,6,False,35.58480910141419,32.804055925200714,-38.395536294072045
768,769,Amaura,Rock,Ice,77,59,50,67,63,46,6,False,-30.364312281987925,-4.25796199198118,9.31733878409727
769,770,Aurorus,Rock,Ice,123,77,72,99,92,58,6,False,32.370070090497414,0.22006483099418803,20.6364868391518
770,771,Sylveon,Fairy,,95,65,65,110,130,60,6,False,36.60760594772369,-5.50775660298269,55.257168541267994
771,772,Hawlucha,Fighting,Flying,78,92,75,74,63,118,6,False,22.843360072762746,-28.47080903174202,-21.487954293434253
772,773,Dedenne,Electric,Fairy,67,58,57,81,67,101,6,False,-4.498366654777592,-36.24565199978808,10.554253408230243
773,774,Carbink,Rock,Fairy,50,50,150,50,150,50,6,False,22.10782345848982,82.77458147860145,61.56590314812843
774,775,Goomy,Dragon,,45,50,35,55,75,40,6,False,-53.474620167629354,-6.582933069990664,19.892653437612815
775,776,Sliggoo,Dragon,,68,75,53,83,113,60,6,False,8.400350393204745,-6.8312759012331,29.46481985517668
776,777,Goodra,Dragon,,90,100,70,110,150,80,6,False,68.69052878154497,-7.607618688251981,38.12889047679088
777,778,Klefki,Steel,Fairy,57,80,91,80,87,75,6,False,15.14840338799764,7.49261265104974,10.662917695607609
778,779,Phantump,Ghost,Grass,43,70,48,50,60,38,6,False,-48.38510152344999,4.3616624733837,-3.8059592154291804
779,780,Trevenant,Ghost,Grass,85,110,76,65,82,56,6,False,16.823797910107384,16.368656722219022,-19.262558522901923
780,781,Pumpkaboo Average Size,Ghost,Grass,49,66,70,44,55,51,6,False,-40.94919480782223,13.544696941044338,-7.21054733944808
781,782,Pumpkaboo Small Size,Ghost,Grass,44,66,70,44,55,56,6,False,-40.81693866974733,10.453204423821012,-7.635984410128214
782,783,Pumpkaboo Large Size,Ghost,Grass,54,66,70,44,55,46,6,False,-41.081450945897146,16.636189458267673,-6.7851102687679505
783,784,Pumpkaboo Super Size,Ghost,Grass,59,66,70,44,55,41,6,False,-41.21370708397206,19.727681975491006,-6.359673198087815
784,785,Gourgeist Average Size,Ghost,Grass,65,90,122,58,75,84,6,False,21.298830648226126,31.308699614781695,-12.077840461516162
785,786,Gourgeist Small Size,Ghost,Grass,55,85,122,58,75,99,6,False,20.735182855721664,21.86256510194878,-9.996932915800114
786,787,Gourgeist Large Size,Ghost,Grass,75,95,122,58,75,69,6,False,21.862478440730573,40.754834127614636,-14.158748007232203
787,788,Gourgeist Super Size,Ghost,Grass,85,100,122,58,75,54,6,False,22.426126233235028,50.20096864044757,-16.239655552948253
788,789,Bergmite,Ice,,55,69,85,32,35,28,6,False,-53.478256425108825,38.82767322983244,-21.252589491575442
789,790,Avalugg,Ice,,95,117,184,44,46,28,6,False,30.34156501068169,110.3291525285664,-43.99714983156359
790,791,Noibat,Flying,Dragon,40,30,35,45,40,55,6,False,-78.82031708118198,-19.21916240954968,9.859627283154207
791,792,Noivern,Flying,Dragon,85,70,80,97,80,123,6,False,36.0556791185027,-35.1237483883032,11.699219773296937
792,793,Xerneas,Fairy,,126,131,95,131,98,99,6,True,100.71446808118014,-14.372163583311334,-8.378225056599504
793,794,Yveltal,Dark,Flying,126,131,95,131,98,99,6,True,100.71446808118014,-14.372163583311334,-8.378225056599504
794,795,Zygarde Half Forme,Dragon,Ground,108,100,121,81,95,95,6,True,61.97565165528007,21.51880157280174,-3.8790965598389135
795,796,Diancie,Rock,Fairy,50,100,150,100,150,50,6,True,72.20139165121216,67.43624329564321,44.28354419048708
796,797,Mega Diancie,Rock,Fairy,50,160,110,160,110,110,6,True,120.94909844238681,-20.298771876136698,-8.391700620017717
797,798,Hoopa Confined,Psychic,Ghost,80,110,60,150,130,70,6,True,76.00421434567917,-27.26580213780895,37.01563867963357
798,799,Hoopa Unbound,Psychic,Dark,80,160,60,170,130,80,6,True,114.10099334090604,-36.865630464343155,6.749041561260924
799,800,Volcanion,Fire,Water,80,110,120,130,90,70,6,True,72.8879537789307,15.157449923876538,10.179000794000732
