,#,Name,Legendary,dist_1,dist_2,dist_3,dist_4,dist_5
0,1,Bulbasaur,False,29.44875154675758,-9.222550308108033,-13.183984633743467,35.01680439989365,-19.564792951237507
1,2,Ivysaur,False,18.26821336750834,10.090797979133605,-4.231738850393207,12.906975624398033,-5.098458484729939
2,3,Venusaur,False,1.610464567219098,35.233325825455196,8.496811709831581,-16.70943096672365,16.31461298670683
3,4,Mega Venusaur,False,-2.1517529407023175,49.81593580578709,41.30902805852363,-29.55818571447851,52.79395722878055
4,5,Charmander,False,23.835110504094978,-21.307538350809942,-35.03413632073892,28.393911141252993,-14.351268240471176
5,6,Charmeleon,False,11.605571655395178,3.7475707535412015,-25.29469568019561,7.20038886760493,0.7641254458348248
6,7,Charizard,False,-5.5058778465612965,36.056083613300714,-13.629746141002473,-18.894294458051654,26.845516014746693
7,8,Mega Charizard X,False,-39.5513723407941,37.46788281337156,12.19650630052954,-25.768868346029205,68.81716500234485
8,9,Mega Charizard Y,False,-17.034320731317127,84.46911289765507,-5.195065442824728,-16.195720660938147,57.73528778564663
9,10,Squirtle,False,33.979259202734774,-24.89002980567836,-0.809773474933012,27.14242279358138,-19.645461599555325
10,11,Wartortle,False,21.77687877301626,-5.403123635723776,9.148046567577765,4.805728294726154,-3.6924533842527056
11,12,Blastoise,False,7.224777086736019,22.178680758531772,23.593213708290627,-26.647319805350087,17.74046864184549
12,13,Mega Blastoise,False,-7.824224493724253,56.97870232802674,37.8847751400118,-20.671482859699296,58.825237668538314
13,14,Caterpie,False,30.926890832247672,-58.18818557594343,-35.409218561117285,42.69783616131591,-56.32398239404288
14,15,Metapod,False,42.41288190355089,-54.581625069123646,-9.477552438930156,47.439208378875485,-56.033699426715515
15,16,Butterfree,False,28.765450882800145,23.24097125706722,-22.37466012976339,15.16683069873584,-8.9775102228877
16,17,Weedle,False,28.384861597661594,-59.47123519611504,-42.373387155425824,41.83597224898887,-51.900601428055616
17,18,Kakuna,False,39.31153808736202,-55.94613900073234,-17.752036900858005,46.34869467784063,-51.100807777456
18,19,Beedrill,False,-8.113828383021914,-15.642488997367103,-22.080774901748587,-18.131788702665666,-31.25499558021728
19,20,Mega Beedrill,False,-52.20848503121443,-50.031621871021606,-56.23001143784715,-84.75680272778052,2.2246901460506603
20,21,Pidgey,False,25.780733942597454,-44.81825617397138,-34.72998690108902,33.09760355778463,-33.97319154950345
21,22,Pidgeotto,False,10.12729434951369,-22.25661349169877,-23.532931979502372,7.718743819216785,-23.159209283229806
22,23,Pidgeot,False,-5.563939285978124,3.916629079933124,-17.73742918507036,-29.20287226996692,1.4377566232650947
23,24,Mega Pidgeot,False,-7.475265246581402,57.73854398481659,-31.440701193595903,-22.85685102876817,45.137262908799975
24,25,Rattata,False,21.868656664492303,-57.36896794646483,-48.11922896744825,21.177013766164546,-27.18406754793836
25,26,Raticate,False,5.561623220032434,-21.729215808424584,-28.711734997129394,-20.498880758147312,-0.6062485658166693
26,27,Spearow,False,11.353379266222271,-49.907855656412934,-48.961833854685885,23.997465283895657,-31.63900885912401
27,28,Fearow,False,-9.834348108816622,-14.706719211730446,-27.650839114720995,-19.335254014992792,5.882343453933262
28,29,Ekans,False,23.601742610218793,-40.742574503296204,-25.69138663352531,26.434243069843497,-19.832742617216606
29,30,Arbok,False,2.6982524203618787,-7.455504654593832,-8.718584757539023,-11.877033829884285,4.699072618916931
30,31,Pikachu,False,24.61291970355064,-29.82019020386227,-52.13940170585878,8.788226944176646,-9.983291604874452
31,32,Raichu,False,-5.6401163291678404,15.10055280001413,-38.904897995941745,-20.893539124187733,21.239415712305323
32,33,Sandshrew,False,3.951394247931769,-69.66456552671201,11.60214328995924,22.76749125020054,-19.12867752728977
33,34,Sandslash,False,-16.17333412122118,-39.094047524165404,27.834426492141915,-13.538501336305549,9.109412912903874
34,35,Nidoran♀,False,20.330719208001373,-35.9622568079877,-12.123683725616928,34.89298149515015,-38.662165114758004
35,36,Nidorina,False,7.893517900489505,-16.546865014592164,-2.4088632718508767,12.458040096542728,-23.09117033960753
36,37,Nidoqueen,False,-12.694963155733424,11.415358004649532,14.448528944639722,-21.854765795399604,3.0253802880655942
37,38,Nidoran♂,False,14.237250095376346,-38.71066926638517,-26.947183586707858,33.473284443994146,-32.6189118827462
38,39,Nidorino,False,2.6133797638002774,-19.94745661162946,-15.804310495511674,10.840826568798482,-15.621660030737324
39,40,Nidoking,False,-22.751854717080846,11.28327099533068,-2.63142904250882,-16.305908480654377,13.845068668311267
40,41,Clefairy,False,20.91850938235179,-2.6760753846638234,-1.7566499686889778,32.21623738094343,-40.74195451782394
41,42,Clefable,False,-0.8133160672145497,36.83664243441163,13.129644256685909,-0.5254713808962995,-9.107303974111042
42,43,Vulpix,False,40.773542178931905,-20.020662131762165,-33.04897890849252,19.967819226967514,-24.39777726333861
43,44,Ninetales,False,11.314256022850714,21.25594708548663,-9.690824537433464,-33.0690530555128,10.579705093367613
44,45,Jigglypuff,False,-17.193276482911383,-7.087753325431822,-11.698076357333894,46.63335300041458,-93.96568068810456
45,46,Wigglytuff,False,-40.40720332304529,37.93964290284406,2.185741622847126,16.23046692650512,-61.23949512062957
46,47,Zubat,False,27.20241259621855,-45.60208928804888,-35.43590156541811,30.85295147267826,-39.30207713502502
47,48,Golbat,False,-1.1347230744970593,-0.893159082659025,-12.854928153533947,-20.245607677775478,-1.7900122893782275
48,49,Oddish,False,27.4568797265487,-3.4101733305430617,-0.7228017531653742,47.62185056652323,-16.049617432283917
49,50,Gloom,False,13.627780087863796,9.121935231561734,10.8624533079449,28.810425211712865,-4.175516141415403
50,51,Vileplume,False,0.05364657156283009,35.46933860236581,22.50958792881952,13.719670866195239,15.252494007398603
51,52,Paras,False,13.747875008904966,-39.313581954923556,2.373926302562541,49.580095982731656,-17.631294900706727
52,53,Parasect,False,-6.588387077453646,-14.715828761829918,34.900906240411274,20.61468218640903,-5.623651569236961
53,54,Venonat,False,16.718052395495206,-28.19063829956389,-9.128709977963892,23.38700743130973,-37.84356462619731
54,55,Venomoth,False,8.56176519599246,20.50499626144259,-25.071856606214816,-4.874401077439794,3.415560631774774
55,56,Diglett,False,33.59134968983355,-52.090525471243225,-72.87020013856689,13.272141909057932,-8.164542321374375
56,57,Dugtrio,False,14.659797841814994,-28.030132779999576,-55.082715895585565,-28.017689826880073,12.73444288569644
57,58,Meowth,False,27.252702349953374,-36.663490681873235,-58.001690450912406,10.305126776657737,-23.734462939798718
58,59,Persian,False,7.2170179748438334,-4.8039080329965484,-42.56931217403059,-26.312465599889972,3.4234500901684215
59,60,Psyduck,False,18.772924420405968,-14.112473420782157,-23.49037209004026,32.22077102667709,-18.72440992057894
60,61,Golduck,False,-5.47628880207281,24.113456428297553,-4.411240803434953,-11.741143437476065,13.501844279353309
61,62,Mankey,False,-1.3633802539620452,-47.77042158453543,-40.334182360246025,15.110994961969308,-19.99036518507122
62,63,,False,-21.311247852419715,-14.93919846208784,-23.241483469266566,-22.24553300678775,5.782312625301037
63,64,Growlithe,False,1.1429057135725291,-10.808511563696737,-25.33657513118895,27.26474891504329,-13.00781641892084
64,65,Arcanine,False,-32.20746370491873,27.059050990255614,-3.537592814929717,-24.870137831552487,23.285151216949135
65,66,Poliwag,False,24.096519454781575,-38.54467050899915,-54.06205887099176,8.400812903282187,-19.49988873376605
66,67,Poliwhirl,False,8.395238266872248,-24.72254560623361,-28.524854107637367,-10.497168818693709,-10.986036962238286
67,68,Poliwrath,False,-11.736630007788717,7.496196021243044,25.924769266522173,-24.01134089658353,3.654133662647372
68,69,Abra,False,48.504621498484006,21.08177881173802,-79.00275482589241,41.124332611151175,-1.738685303620913
69,70,Kadabra,False,36.30494696140119,40.06469871757851,-69.4785959856556,19.23191365595401,14.386339722834192
70,71,Alakazam,False,27.905791461005858,63.54010957218117,-56.66706846127206,-7.328533000002567,30.13710635109777
71,72,Mega Alakazam,False,28.04119849825086,91.32012472615588,-67.46558561647541,-19.12868744979326,69.15232137627099
72,73,Machop,False,-14.657044159733385,-41.220150119317566,-3.424526336696871,30.447196585538364,-40.38826043142105
73,74,Machoke,False,-24.87727723178965,-22.041582858527644,15.226245432590574,7.311017510094946,-19.239334287563647
74,75,Machamp,False,-47.701815357692276,-2.9830779414434327,29.718306293178728,-15.988358215664844,-1.3508988690125137
75,76,Bellsprout,False,-10.0227448947991,-21.059102440167873,-26.830209295140804,53.15152610625025,-19.543634762768665
76,77,Weepinbell,False,-22.07809490125648,-2.083199429517081,-17.062444590472687,30.980882978764434,-3.6493922018191047
77,78,Victreebel,False,-31.05654621074986,21.174451308254334,-4.125930609347111,4.576972014905689,12.204349662605024
78,79,Tentacool,False,58.60902955484218,-1.1584816478625874,-27.55271538603264,-3.804680851693531,-31.491079445912316
79,80,Tentacruel,False,19.970894549578585,35.74195657897251,-8.578412000139256,-43.52848241451361,-2.7382206718178974
80,81,Geodude,False,4.707413620696967,-70.02774677639881,30.80510509708236,39.79117255537793,-5.666200279953878
81,82,Graveler,False,-7.472544259172354,-51.289927377261286,40.398628321184276,18.219202019188337,11.013556567045342
82,83,Golem,False,-29.877085224011363,-31.585267349758844,58.83954791631537,-9.172763099650863,20.728746126174848
83,84,Ponyta,False,-0.5272024197127092,-15.074825518837404,-31.774987985152897,-4.95975635896397,7.299626135201346
84,85,Rapidash,False,-12.813244601781753,4.656170486369368,-21.59289992949401,-27.486982022649094,22.685144092874488
85,86,Slowpoke,False,-8.84811514817641,-27.81355500743521,24.049762158737646,36.584697847902206,-53.768703701588755
86,87,Slowbro,False,-4.836228253403047,28.099681578197707,54.77522297943846,19.99724345743584,4.762136070653774
87,88,Mega Slowbro,False,3.464545480262424,35.8076382044409,102.89111652803709,25.26432799959566,65.36293281547361
88,89,Magnemite,False,44.85993092619933,-1.1671885437149732,-12.3771213321553,54.05856761610658,12.736129796132476
89,90,Magneton,False,21.600647997214036,25.949834447766072,-0.07478039253312212,22.959853841317727,41.68127131840516
90,91,Farfetch'd,False,13.992416345711405,-17.16686395390432,-15.11704163686311,16.936776263752037,-13.83926817299642
91,92,Doduo,False,-3.668146273783388,-54.89237334551038,-39.550514602198504,14.844982887540034,-9.459216613465413
92,93,Dodrio,False,-23.796811079994814,-22.789005258685524,-23.145089250889104,-21.742179369943493,17.041537310628442
93,94,Seel,False,28.239554761899623,-15.049455381507242,-1.4618121241721278,17.2340085658918,-39.05629789505098
94,95,Dewgong,False,7.649488705324057,16.828862247811337,14.41141361245771,-19.25810694496582,-12.245486167330796
95,96,Grimer,False,-15.051003756983263,-27.27917345974967,9.550830286816923,29.828348273316116,-46.47236220486372
96,97,Muk,False,-26.995307942833602,15.479072342112241,35.207478068081606,-19.968348335751234,-22.142185868005072
97,98,Shellder,False,19.01881891856842,-63.05531178731569,11.365723790479574,40.363101243944726,11.370816060712507
98,99,Cloyster,False,4.088823589738342,-39.97748667583425,57.00148991010039,0.213000835139727,89.06192811514184
99,100,Gastly,False,29.71556622496374,5.059131416708483,-66.40571430856815,48.39247315887379,3.4375382249999644
100,101,Haunter,False,19.385914114073973,26.12380095238295,-55.20872601192641,24.05402013860003,19.445490768963584
101,102,Gengar,False,9.099290122383593,47.152893391667405,-44.09258626111827,-0.2259556426900059,35.524171983547916
102,103,Mega Gengar,False,16.098160887604816,82.52177341583409,-41.18605654419206,-12.935515762230153,72.17271887576909
103,104,Onix,False,55.98559008438461,-77.3785557970692,38.66144096522654,-8.166066960174355,41.01409581116588
104,105,Drowzee,False,37.66677794450284,-7.265149145659929,0.8687878635129143,9.6744141761571,-46.67249977136221
105,106,Hypno,False,14.807106286121098,28.00231807830495,16.207959444988063,-24.473283494456318,-15.702662092859548
106,107,Krabby,False,-13.352958111387597,-81.24148368350887,4.627896123909407,20.963531710514054,9.308288147199981
107,108,Kingler,False,-33.2949336094067,-49.51500744318205,20.698053516295786,-15.17614317972519,36.645790749634536
108,109,Voltorb,False,46.165423519746916,-19.191875066856216,-53.60664280288463,0.8953997286110866,-9.622894057624464
109,110,Electrode,False,32.13755480564353,12.814455847586805,-52.64889414935555,-42.711548706562105,20.92417878634251
110,111,Exeggcute,False,29.86529551978112,-20.8573564603295,10.169473710257922,40.493725071362796,-14.653844444794986
111,112,Exeggutor,False,-31.81972904700908,43.602800683749436,16.695249098940923,20.635445863774557,18.556638749858077
112,113,Cubone,False,30.734957697304363,-44.256747990243305,23.259838366627964,26.993454090296254,-12.79133817274342
113,114,Marowak,False,13.838754157828554,-25.372115633884768,40.68390485803388,-1.5198182798220525,4.694001090563667
114,115,Hitmonlee,False,-6.981953679046103,-31.53513782914324,-9.62372557288264,-66.08758003128168,-14.953408442405404
115,116,Hitmonchan,False,12.003317965478294,-30.809358484499782,15.37267164944932,-51.24503480038814,-2.703817543450412
116,117,Lickitung,False,11.335076469859438,2.973594515514762,28.728522637922303,17.414100721801045,-37.10984292474418
117,118,Koffing,False,18.519556478642873,-36.85806245789012,18.28731073163495,37.63851604100066,7.288038981663665
118,119,Weezing,False,-1.5018857531727934,-5.453203151982802,34.110943656751736,1.487966464734746,35.50720188523873
119,120,Rhyhorn,False,-18.670360692317463,-54.71644278014355,36.97862667147473,24.31200138865477,-28.10673915257923
120,121,Rhydon,False,-57.90334168202821,-38.443063563000344,58.79764393742123,-7.007468393380309,-1.982673745172433
121,122,Chansey,False,-8.553130980397398,87.0895482891386,12.655786003009796,-55.03240001944653,-186.9141632952556
122,123,Tangela,False,15.963765483775546,-2.736395337742386,14.962500775355245,38.60645551044772,45.35067952318769
123,124,Kangaskhan,False,-20.42845073278979,-9.457833066436745,6.801753576739743,-46.19522114080418,-22.159978216086866
124,125,Mega Kangaskhan,False,-36.36154296291497,5.121801791953362,22.44432030256935,-63.7399255850141,11.60721684651752
125,126,Horsea,False,33.14507250860308,-33.144006708851,-27.775416536244776,48.147886409450074,9.839641759262632
126,127,Seadra,False,12.08105863241073,-4.515067202518877,-14.576134515501046,14.759789299417442,40.946918909226945
127,128,Goldeen,False,14.498443561862263,-43.7962268493861,-16.949368112151816,12.077268131373351,-17.56534411549148
128,129,Seaking,False,-13.454717505611004,1.176695574373384,2.279093376123494,-10.376322590716564,-11.158522399863815
129,130,Staryu,False,36.35973041010265,-15.671857444586422,-41.945704902832695,17.087582285652367,5.262310620082636
130,131,Starmie,False,12.231612135287921,22.23292011083117,-23.009676816821496,-26.736406852499808,37.93233656739649
131,132,Mr. Mime,False,57.66955787353678,38.94272446322042,-17.132444301961982,-11.727921932426991,19.183087029631412
132,133,Scyther,False,-18.88504915181572,-15.752248804764768,-10.35104886245359,-42.307533859345924,15.177937051213508
133,134,Jynx,False,24.003756149144387,54.39834540731714,-43.372496801794696,1.4868926620072056,1.3730680515371723
134,135,Electabuzz,False,-0.6038797967530757,24.621935629769464,-32.56482413588003,-19.04413306671057,16.952787857500812
135,136,Magmar,False,-12.866151422510898,26.711995848726875,-24.743509137554483,-8.858840973506336,20.62411978994178
136,137,Pinsir,False,-29.93204853226099,-28.829557902716534,12.43717816325616,-28.800995797451048,26.645270792845476
137,138,Mega Pinsir,False,-45.09594636013643,-21.577410972877246,22.555704583631506,-58.04519273194126,57.59721305799449
138,139,Tauros,False,-10.927982146658001,-30.781840468226587,-5.933957826583388,-49.74738307761851,12.854036696629839
139,140,Magikarp,False,65.57465677919483,-74.05771792430824,-52.72992566604614,23.143300510887453,-26.5648068704425
140,141,Gyarados,False,-37.62493020782913,3.525092974351446,18.833562104354648,-45.903012562224575,-1.8601298927125078
141,142,Mega Gyarados,False,-47.917735451641185,12.60476995820273,53.49804950181198,-72.45776838278577,26.251260880340723
142,143,Lapras,False,-24.499435652875395,42.57770433470126,30.78750648611544,-21.61514432148075,-25.996942256518196
143,144,Ditto,False,23.9770444361582,-28.304142716300102,-19.161766172717012,32.825681379904935,-29.5258138387861
144,145,Eevee,False,22.81302382507257,-21.813122660607203,-13.529771783251354,14.94529284283991,-30.32558532189715
145,146,Vaporeon,False,-14.768394622792236,69.27150366284826,8.989698928617697,-7.950924164426449,-28.93372524096531
146,147,Jolteon,False,16.95760515221644,43.349480139555965,-46.36010135771805,-32.575270059308146,28.03264064990721
147,148,Flareon,False,-49.85267702481576,27.03722795627857,11.688607272094307,12.24717468505243,32.30786270870293
148,149,Porygon,False,15.379359743208898,11.863720620457112,11.224732812616486,27.74549620829688,-8.40668892915092
149,150,Omanyte,False,41.956329734569145,-8.38164441195934,17.312358179459704,50.17447842407181,20.880201200874225
150,151,Omastar,False,19.011681081998173,23.6744147322004,35.518932771073736,24.538214134247703,45.907376481452815
151,152,Kabuto,False,11.022738071768513,-45.20837130558608,2.1846440250052,23.387245555868066,17.634266312367526
152,153,Kabutops,False,-19.716500865681468,-22.422106562592212,15.459558421012824,-19.445135779992665,32.26819962363428
153,154,Aerodactyl,False,-22.718667218072234,-4.726492917986715,-36.336124712663384,-53.88005470980571,10.799340094438513
154,155,Mega Aerodactyl,False,-37.36257299698075,2.737113626426225,-26.04209826232132,-82.73539641931673,41.415258937354814
155,156,Snorlax,False,-52.985887437475704,42.87649222324077,57.90339500642864,-25.376048808809685,-60.167456258037305
156,157,Articuno,True,7.41882267956811,43.02116298259012,28.048744481181757,-41.0477277076443,19.03613339099174
157,158,Zapdos,True,-14.631280785479102,53.53155388059576,-5.668441125959029,-21.642365113587292,33.59449777685065
158,159,Moltres,True,-23.979884585656446,48.301527031167296,3.8674418806096154,-14.869036326228315,36.43117431968959
159,160,Dratini,False,13.647089301363335,-31.69421776413354,-21.859974505056044,33.65315117103302,-19.04878183273513
160,161,Dragonair,False,-2.419874628240028,-5.928021667050407,-8.511542494075632,2.891860379486368,1.2953679793645012
161,162,Dragonite,False,-44.971964209252874,28.25573421410149,26.448275678581023,-30.958632883059785,33.39819801116094
162,163,Mewtwo,True,-39.48668309364833,79.61741407035454,-19.433148114424668,-42.9722238660823,56.59707565162347
163,164,Mega Mewtwo X,True,-99.17779770842955,66.5293228184676,3.3473907128803946,-61.16128852675809,87.05116237360822
164,165,Mega Mewtwo Y,True,-68.60745604977727,118.77951340158867,-25.237514981446306,-50.336832832763164,81.35268121194538
165,166,Mew,False,-18.264969725399386,38.138456798671136,13.93980376290283,-43.91858063892007,25.97976788351018
166,167,Chikorita,False,33.2452551766205,-24.91534099588196,-1.248559979543935,24.456753384558006,-19.781352984696017
167,168,Bayleef,False,22.352081206656077,-6.284693862817333,8.154662945605486,2.585311078522687,-4.858207948187315
168,169,Meganium,False,6.057298431816933,19.09101244413946,20.886255472424622,-26.551487083851494,16.804831107456383
169,170,Cyndaquil,False,23.804876412355497,-21.289136087072436,-35.01117055397699,28.358041720351668,-14.429077596747957
170,171,Quilava,False,11.581550021451596,3.7496733350917157,-25.26622243080633,7.1769321063411535,0.71031117362144
171,172,Typhlosion,False,-5.530274663417299,36.05145381117252,-13.613754163726341,-18.89567789209997,26.80115520191641
172,173,Totodile,False,12.261529654470728,-36.75764245777299,-2.483433359480904,27.782969751321954,-20.624829892922715
173,174,Croconaw,False,0.2745720922268765,-17.819859114878025,7.7639333331127975,5.746358373880439,-3.9608357881343625
174,175,Feraligatr,False,-19.885839621327456,6.790457740144392,21.21524066471818,-24.14374220248026,19.255547045679332
175,176,Sentret,False,28.07239534503447,-41.91620551145953,-14.51339050974351,60.722402912468745,-43.74583717919357
176,177,Furret,False,-8.308950694418892,-18.67637121024895,-20.34513795634592,-21.96151210104998,-23.321998380352134
177,178,Hoothoot,False,34.63676764476603,-22.41040284366141,-28.07370199501981,26.318418977043038,-56.46195477352215
178,179,Noctowl,False,14.310435331564719,35.29069626897148,-6.0035665425010425,-10.861394380220611,-36.619644791488426
179,180,Ledyba,False,62.59926634412943,-14.330325831089647,-29.790104895913956,20.386241349710826,-46.595687798750454
180,181,Ledian,False,56.73799657776583,10.334439704614788,-20.738784163400734,-20.7050840379035,-24.21244445277195
181,182,Spinarak,False,13.02692133108445,-42.43513277330866,-15.955993226195234,50.6277209373715,-33.71943070975494
182,183,Ariados,False,-13.68870052226506,-16.800558390219834,13.762288023023926,19.3286149455185,-13.565450917727778
183,184,Crobat,False,-8.847519115794935,7.095856751205396,-27.345144106925932,-56.194327652386384,16.0152106031964
184,185,Chinchou,False,20.42466529767525,-2.7193055175679,-31.138044630920565,13.6918009142927,-44.311343458823906
185,186,Lanturn,False,-10.558945696591536,35.90847617321498,1.0923712470423583,-11.307667422601721,-47.76090092285254
186,187,Pichu,False,34.6577569792785,-47.5136785004534,-60.45362709723416,44.541293733919154,-34.97600508466015
187,188,Cleffa,False,40.92024148329107,-19.316932647706405,-11.973548845782298,59.596476269449,-59.69157578867218
188,189,Igglybuff,False,3.9978292825344814,-20.32945449736745,-20.943902703862417,62.081099299129214,-90.6689993860884
189,190,Togepi,False,61.06960750167679,-31.488165585351528,8.807316879528301,46.14158947997632,-35.76282681688303
190,191,Togetic,False,50.175262345780055,17.932879545622054,26.50407439087286,14.848084248284604,-5.373144454117558
191,192,Natu,False,22.45122089404677,-15.227683852482981,-39.540717926757026,30.221386044918415,-8.035796169967131
192,193,Xatu,False,2.368927688321342,16.477082746169216,-23.73807235885137,-6.29086999256504,19.028647869613245
193,194,Mareep,False,22.3707367246857,-11.174538204451935,-18.38370638986815,50.498077102298694,-35.5745386459873
194,195,Flaaffy,False,10.007986089608815,7.856393919063294,-5.663956043320248,31.944836011409482,-21.089156302939813
195,196,Ampharos,False,-3.0904733623709815,46.71457399922617,21.7124235167468,8.559117401798423,9.722508467683816
196,197,Mega Ampharos,False,-14.656855961557904,85.34323083981947,45.6484242036387,17.010600206133365,47.77469311455407
197,198,Bellossom,False,7.664626682583019,22.873670841978914,34.465084006226995,-0.6725772694468123,10.065780784760173
198,199,Marill,False,40.60110999488003,-35.932072950398755,-7.39187477528016,22.517770153078267,-68.24911955196514
199,200,Azumarill,False,13.89540928212457,10.727043143653615,23.568390795679186,-3.359028269360942,-38.436981191720626
200,201,Sudowoodo,False,-9.437222492611696,-48.063811589212655,55.223069158901716,0.7985477609064734,-6.287115041938931
201,202,Politoed,False,2.5062085936166314,34.21719245816642,11.699170425779728,-13.755657619632448,-3.2665244599201317
202,203,Hoppip,False,43.93271762874249,-36.524893554823315,-27.066131127069536,31.393686244189677,-36.51301221442781
203,204,Skiploom,False,30.998240600455745,-19.268561914434642,-30.554428290757627,-0.2925972132010696,-25.13358855306892
204,205,Jumpluff,False,28.053575110798743,5.069111228905502,-21.343970606610934,-43.301517315336326,-9.031365797646949
205,206,Aipom,False,8.91650391298703,-32.55365902973477,-29.803440379215033,-5.783866455449862,-15.222974051126917
206,207,Sunkern,False,38.53013678140017,-50.952145643188786,-31.052373649575838,59.72945465741458,-48.326162113249765
207,208,Sunflora,False,-2.627964786743038,36.48757283158731,13.801781512056078,37.66364946167374,-9.71538373478641
208,209,Yanma,False,-0.7718631351747794,-1.9241474190008223,-49.05074190622441,4.1914476322438325,-7.697850031157682
209,210,Wooper,False,16.140463770775742,-53.00078591020932,-4.38873520139187,56.10949881826035,-57.52810346983654
210,211,Quagsire,False,-17.148736725403786,-2.4053514833184004,33.76488956132147,11.922347503309611,-21.038771721281115
211,212,Espeon,False,14.056684766629779,58.012413536846644,-35.809546540032485,-11.198102571910649,31.629263070625807
212,213,Umbreon,False,27.956026722728968,21.606311170734166,50.23349990245547,-43.27940218132376,-8.792615768523223
213,214,Murkrow,False,-17.035575698721868,-1.6362001238381227,-47.499297900330156,11.698088854187418,4.480129604804082
214,215,Slowking,False,2.762138104622634,46.532664686535384,43.99602153831544,10.654138411342855,-11.190337851900857
215,216,Misdreavus,False,21.361347972932933,17.640143423172507,-20.869590835695686,-3.9320993469945753,2.767966611446497
216,217,Unown,False,1.5023341517805073,-14.308791698935584,-18.334434148949814,38.80598247897924,-9.612345895690606
217,218,Wobbuffet,False,-24.54583776826462,27.88335007675394,35.64779890323492,-12.41736388433182,-131.16969380931866
218,219,Girafarig,False,-6.279387593075017,12.514107792365541,-20.016659453847975,-0.354896449087034,9.428854268640128
219,220,Pineco,False,11.842493720992584,-55.741504508489136,29.392060642412172,44.3334636788548,-20.16232376935435
220,221,Forretress,False,-4.70496298679821,-31.35008571729281,63.62770126818436,4.842870817692158,23.41321653208664
221,222,Dunsparce,False,-9.783677145940866,6.06846866492895,16.819618353470727,8.731957696215732,-34.26413501392448
222,223,Gligar,False,13.799245571019275,-40.50194568937971,9.769315145568847,-27.971624048514137,5.724519638249557
223,224,Steelix,False,10.945889006218989,-47.48500529603797,113.63651337139306,-2.3499139593854754,50.84364030323589
224,225,Mega Steelix,False,-5.6207900789298355,-42.76103108169072,144.08247531835448,-34.93353438973681,71.19992636551953
225,226,Snubbull,False,-9.881663588037462,-39.609874676170364,-1.8196698177168324,37.337701205289406,-33.87788916533077
226,227,Granbull,False,-45.829024760754635,-14.79816853565918,22.39944767846409,3.831640561220844,-10.652956790447151
227,228,Qwilfish,False,-14.07638076553662,-25.205605784247037,-12.49535296577602,-11.601032646097263,5.152535712070448
228,229,Scizor,False,-34.81764683206091,-25.06020444135814,30.252737360162143,-23.340916868455388,18.550009584671503
229,230,Mega Scizor,False,-37.04772949254696,-18.593929070323753,58.674012971346585,-48.26141984518137,53.321000557355255
230,231,Shuckle,False,152.0583173820097,10.218506870356775,198.9788204730619,-41.95583006837907,-0.8976907629412043
231,232,Heracross,False,-31.49477332900104,-20.96371795012369,9.920197333265493,-50.487049994628535,-5.397234286883323
232,233,Mega Heracross,False,-74.1214842879592,-37.34246138174681,53.054823070888425,-66.98308516301294,33.667732386726335
233,234,Sneasel,False,-2.8252088175330403,-32.830550181608814,-38.792146867198355,-43.31415846819321,-1.4442323440265141
234,235,Teddiursa,False,-7.604549744427567,-27.446858783125432,-5.514202421430375,30.112702394292107,-26.061484905654858
235,236,Ursaring,False,-51.85810442633812,1.397796699493191,21.469367611717722,-5.422740455363842,2.67886737620225
236,237,Slugma,False,26.344218116068337,-16.271072322973364,-14.866983871671337,69.72171029426589,-29.222973164731602
237,238,Magcargo,False,39.96631790063904,-4.540899346451763,47.491508467033846,27.18279505877849,17.771433276233967
238,239,Swinub,False,15.961284989731496,-47.77113974322605,-29.05213802108046,33.25409203069149,-42.70694161901283
239,240,Piloswine,False,-32.920365716936764,-7.452549120268185,22.972656780552455,-0.9135051993588357,-19.499485743527675
240,241,Corsola,False,32.21820686375266,-4.9635643989198845,26.43331794997977,19.586532443706766,-9.08329035397886
241,242,Remoraid,False,7.591868552453846,-26.350075746377595,-44.972504319801445,38.24410591109294,-9.470076602290776
242,243,Octillery,False,-27.326209385972618,22.593832084331762,18.072140127775974,21.48155753498547,14.714173026505378
243,244,Delibird,False,17.01758631847625,-17.623753041418187,-40.352919338886835,22.447053426455742,-10.211373093761736
244,245,Mantine,False,60.1804210667151,42.16787942952519,12.651908226320097,-23.82407004454587,-11.25238873136559
245,246,Skarmory,False,16.037012242618452,-44.18983656433833,44.57766032763717,-26.05576778664074,24.56349304155221
246,247,Houndour,False,10.109961409575531,-2.363551186722276,-43.11936543595886,36.262048237423066,-11.773315335003824
247,248,Houndoom,False,-16.496462814865236,38.04834718084307,-30.37157068832154,-5.910729753478854,14.290532619013755
248,249,Mega Houndoom,False,-7.9787002510677745,57.23628201754371,-16.84960689248699,-22.57085761507597,57.509733393017996
249,250,Kingdra,False,-5.984089411966031,22.82456938775221,12.478220147109692,-22.73194359440312,28.371078142876417
250,251,Phanpy,False,-5.500491786521078,-24.617815700080296,4.706412169300491,19.59840801800214,-53.263768264883396
251,252,Donphan,False,-38.32627602456631,-24.23111524825205,50.280089433839386,-9.062168183933634,14.624753742471638
252,253,Porygon2,False,-0.96384692866408,37.18618670070796,23.9267184815392,-1.5842872471974667,13.093784209903534
253,254,Stantler,False,-19.66584802852839,7.667084303746118,-18.445570230943776,-4.744546032553305,8.480989809139587
254,255,Smeargle,False,44.27471749927353,-40.0673488491594,-45.094619573142865,8.871247254678758,-55.83809165626582
255,256,Tyrogue,False,34.48481685593607,-44.65400982804552,-27.75776082349963,52.22887764354287,-43.10171311666184
256,257,Hitmontop,False,21.43099415270904,-29.092808008862853,28.16604831268686,-42.491958029367844,2.9784795665298254
257,258,Smoochum,False,37.56657409630148,16.402611913348377,-52.48905710560613,38.83044351832881,-27.16419825285299
258,259,Elekid,False,13.536226104504903,-12.879373938834355,-53.62373273048088,4.9754285408786165,-5.555332982340555
259,260,Magby,False,2.155792188639366,-12.091505490139559,-45.89422515787541,14.286514703758424,-1.876422637669337
260,261,Miltank,False,-0.5263105685898668,-22.46046054988858,10.218240130888057,-54.905145550919435,-6.734211729639936
261,262,Blissey,False,-34.94207302514049,148.64113327777685,29.141690383322217,-0.26861940977038345,-152.94707393669523
262,263,Raikou,True,-7.198060738744707,52.86843200272739,-17.613786501162366,-37.26125504736685,26.01689226555908
263,264,Entei,True,-48.032294604982916,27.64187783978167,1.7612088404287078,-40.72003608019951,8.310755437945087
264,265,Suicune,True,10.489053617777136,37.86427086655578,36.38347003350446,-44.08064995053932,15.761578215509783
265,266,Larvitar,False,10.910770037841148,-32.49975300299261,-10.07511879083963,32.90155935801157,-27.946105966200108
266,267,Pupitar,False,-5.4492391027394955,-7.288977998016222,9.211343109493894,9.979076892724983,-9.825770758187934
267,268,Tyranitar,False,-45.25409230751458,25.053622688601923,50.05142791250042,-26.089999279564527,27.32342102172182
268,269,Mega Tyranitar,False,-55.860799572187084,21.588619822503258,80.6664930966391,-56.285746896078685,59.58698153280933
269,270,Lugia,True,12.672173405114913,52.204153044068654,46.253826088519084,-85.81963877898184,32.253314761437885
270,271,Ho-oh,True,-27.941913591784242,71.82617011433565,38.94800114515885,-69.5267730407096,23.910004008295733
271,272,Celebi,False,-18.26187193359245,38.105271929772464,13.943103977968264,-43.839934491709975,26.082043606296693
272,273,Treecko,False,29.31562429334037,-11.818292233227242,-42.93801619449911,27.090088958800102,-17.440452948996235
273,274,Grovyle,False,12.323447210765455,6.993207620684623,-45.37474198787486,4.412453780183388,6.131272030633758
274,275,Sceptile,False,-3.991348428068156,32.500103936391426,-35.70893958593255,-28.766625985602627,28.897684718597972
275,276,Mega Sceptile,False,-26.212860078979066,57.31737857233291,-45.42870385366844,-37.459247688507446,69.42789849671028
276,277,Torchic,False,12.152264371550348,-12.479512668902533,-23.244887414409767,44.263544416814845,-17.668700506885624
277,278,Combusken,False,-9.297466156462464,1.270141287344513,-7.335389605892703,24.6685758779872,2.307186932786862
278,279,Blaziken,False,-43.33795597867106,25.47030511350788,-6.144528149666228,-2.2263603008948487,27.531809027670306
279,280,Mega Blaziken,False,-73.58652559710062,36.33952284671013,-5.571400081176863,-20.89016454690185,62.283298899178874
280,281,Mudkip,False,5.02070612912142,-29.779584095299807,-9.203176045104628,35.123887677574196,-23.61842045612648
281,282,Marshtomp,False,-5.834153373248945,-11.342460077544088,10.527251223840905,8.60735513679335,-12.459071829538187
282,283,Swampert,False,-31.044468714240534,20.883708251966596,31.810302539611207,-16.110649838008293,4.78190715331148
283,284,Mega Swampert,False,-55.85528340521016,26.83363908756856,51.00436302409957,-39.92397784601389,34.72258805699916
284,285,Poochyena,False,16.507921193503034,-54.517526003099995,-26.608482593206247,50.27111972650723,-38.6387366168685
285,286,Mightyena,False,-12.330016268004634,-15.685890620468943,-4.707493298515441,-1.4752329245972757,-4.250693673210469
286,287,Zigzagoon,False,41.67053646577686,-44.48299580495875,-36.55860766898948,28.267462533447098,-38.63909416259365
287,288,Linoone,False,1.3978049553096676,-12.92154566324012,-29.731426323125717,-25.11407885797812,-16.458794388954846
288,289,Wurmple,False,20.981496255082686,-56.54142890987739,-15.13144396576878,54.587726624983034,-57.503846231776855
289,290,Silcoon,False,28.072941129043826,-55.817961494220924,0.5364899234206036,57.23657213050068,-53.41917159111848
290,291,Beautifly,False,-3.4526615240107503,13.476568232388393,-27.01061191119225,32.094999948634324,3.061938342645266
291,292,Cascoon,False,28.073236297464792,-55.81822424798746,0.5366326387526246,57.23520027303893,-53.4201994036459
292,293,Dustox,False,36.40663395117299,-7.651595360797428,1.639716609347489,-6.475480192945085,-19.002500457296918
293,294,Lotad,False,40.80460282935086,-30.05868744711321,-23.068110563867105,51.66405177464005,-49.48044563511163
294,295,Lombre,False,24.314441118305673,-5.200523572116286,-9.732683580496603,21.503023916049234,-28.353753314593696
295,296,Ludicolo,False,10.510692048860522,32.24586296138756,5.637351143405665,-8.885134728919512,-2.360252393381476
296,297,Seedot,False,29.439043726969413,-53.070477021770785,-13.587553150196959,49.83224894396158,-40.962009996352315
297,298,Nuzleaf,False,-8.528318443693665,-15.129818827315628,-27.562473999156197,23.916760077059852,-29.12638139598867
298,299,Shiftry,False,-33.79356658659652,16.14840809631678,-14.54388067242692,-3.1670595437596343,0.42695152673981057
299,300,Taillow,False,15.783863900206548,-49.47354629640073,-59.05232410058901,14.298335194378053,-29.404822844380217
300,301,Swellow,False,-6.14232241233425,-27.248652136481475,-51.73290850968568,-32.25582161089425,7.367114506909173
301,302,Wingull,False,33.278875742705615,-25.780021907755238,-66.62220687309042,27.29807517310246,-25.03692224078958
302,303,Pelipper,False,31.973913684750855,3.2806292102251735,11.095608754078071,11.566704776656623,20.064082535526456
303,304,Ralts,False,43.03995804685879,-36.166243096304555,-41.19579111787994,58.41702535022757,-41.14754137997244
304,305,Kirlia,False,37.578240495202245,-11.503472658223385,-32.42717099785904,43.08158135256145,-25.745460065629484
305,306,Gardevoir,False,21.571503371555163,64.07856962076914,-5.530070421186357,-3.5347104829909988,19.44918985756672
306,307,Mega Gardevoir,False,8.6281307816679,102.35188734650397,-12.412205187923771,-13.58970501580197,52.660884208373695
307,308,Surskit,False,41.099594845671525,-21.609674192036096,-43.3506978901271,29.08782234093069,-32.78709574413174
308,309,Masquerain,False,15.747592604862767,15.32423509966909,-2.2882315745156596,9.216552374035803,-11.549313777454797
309,310,Shroomish,False,31.642257614459012,-25.724680059405948,3.4206505622517547,28.04846152014847,-40.88621809769129
310,311,Breloom,False,-41.12009831287517,-29.90736253213054,4.012034433458565,-6.292177063462153,19.325067461642785
311,312,Slakoth,False,7.288586147208307,-44.23017155050765,1.9947060343696386,37.59444161883797,-38.59825949485193
312,313,Vigoroth,False,-7.205479633321178,-18.841098466034992,-11.476283843200138,-23.20850154121531,-5.790404607688523
313,314,Slaking,False,-103.14442018362047,30.70825158022061,23.130266726059794,-55.53453337730717,12.118849892000389
314,315,Nincada,False,36.956603331165674,-66.96982091970844,5.549366718626974,36.759667861994444,-8.846481353297444
315,316,Ninjask,False,-11.91829429000762,-23.2312825005984,-82.2986538934835,-53.82931412951053,11.138973690104097
316,317,Shedinja,False,2.3881861271943063,-79.58287587687292,-29.05147196771548,53.44627933484211,1.768685625862039
317,318,Whismur,False,0.740233610162212,-26.492803701051937,-27.47961623911845,59.036683371076734,-54.46161393329647
318,319,Loudred,False,-15.804720978374727,-0.6182121324384862,-14.77760666165803,29.775706461032264,-33.54171502583863
319,320,Exploud,False,-28.156089527817066,28.85682034854671,1.188875719750478,-4.015374947807399,-11.840604105019192
320,321,Makuhita,False,-2.9237413156181584,-47.14568467321331,-12.812698315000217,40.97777462103939,-68.21246408759308
321,322,Hariyama,False,-69.34194316761703,-4.561075557963059,24.631613908329836,-20.439992829620696,-56.32422939998057
322,323,Azurill,False,43.688431714114515,-46.66466185650493,-10.162773924440591,50.605571522382455,-66.44250319949926
323,324,Nosepass,False,62.79921133651999,-36.347367463205856,58.19396867222335,11.958595993276415,15.198727288989854
324,325,Skitty,False,22.124766154399804,-42.02586740089084,-25.238010702057693,32.30810730362351,-39.670132345649215
325,326,Delcatty,False,5.817346507708351,-16.276969104450153,-12.697178597108891,2.3107199270000116,-18.672874116851755
326,327,Sableye,False,9.686556517989143,-17.012228491968816,5.423596795219237,19.533296890642546,0.47408592474778516
327,328,Mega Sableye,False,26.34734281672022,9.5674806084827,75.27481055724678,11.753836081419465,27.215203494365937
328,329,Mawile,False,0.775741129465564,-32.56431718978429,10.76420028646724,16.278896018557788,3.816046821448612
329,330,Mega Mawile,False,6.957496998501084,-26.608450455856392,54.04016278814505,-15.862074650524544,29.58667295478288
330,331,Aron,False,11.196310776158324,-52.69555146938725,28.645019688900856,30.904780174040845,-5.539933627117807
331,332,Lairon,False,-0.17901064081847318,-49.20423204981471,56.42725682314119,9.570340762465284,26.38447341482916
332,333,Aggron,False,-11.456765426452957,-45.611760856606686,84.88515594087846,-12.777104432457893,57.663150741135624
333,334,Mega Aggron,False,-20.494399648667308,-50.02973768861975,127.75874686258545,-40.324334468018726,88.65849764599183
334,335,Meditite,False,43.206099200615824,-38.31677382207807,-24.303865580737614,23.91947825450237,-18.997856264914233
335,336,Medicham,False,22.512941909746193,-8.845955332452613,-9.164078361820678,-8.527971447772558,-2.8813096530738886
336,337,Mega Medicham,False,-6.514097628139835,2.051855571760407,-8.132923188949656,-28.017870530574175,31.037163107586537
337,338,Electrike,False,24.27176429583744,-19.447398941210302,-41.689547930888224,36.04824762426345,-16.180200607825263
338,339,Manectric,False,-5.904634165964077,24.706356815753217,-40.88478895403078,-3.894176916526678,19.679116097119266
339,340,Mega Manectric,False,3.03350302894053,52.383111255680795,-43.16414876752896,-27.64326351685661,55.424440576281526
340,341,Plusle,False,22.82194457938543,19.139850027589958,-44.92158620989036,-0.16924370190114332,-7.165417335045211
341,342,Minun,False,37.00173530345366,15.646016067298989,-35.63470049200023,-9.183924523334928,-10.35954526867695
342,343,Volbeat,False,8.79950385565572,-15.217673517769404,-21.087558726933576,-16.943375545780565,-17.477151137693713
343,344,Illumise,False,26.218987928184852,9.458373089053872,-27.347844241209906,-2.4503990427612807,-12.173104238016728
344,345,Roselia,False,19.60548667430568,26.410823201398717,-24.130525495810602,26.16764215106606,2.279837664183954
345,346,Gulpin,False,20.920810999429676,-21.182010047479636,-3.887265532359308,26.458140134250115,-46.739711313293746
346,347,Swalot,False,-4.135829260979174,17.00973716226551,24.574042417083753,-6.666821524173393,-19.183394531428345
347,348,Carvanha,False,-24.755565857701704,-30.46527696019434,-54.136418421457215,41.50640433750651,-14.023149132470236
348,349,Sharpedo,False,-51.816344483691346,3.2434266189060628,-45.81460293842655,5.5814228775468155,15.541780456351683
349,350,Mega Sharpedo,False,-56.54875696985985,16.219414025133595,-23.092795383097116,-16.86204294548728,47.48199301683742
350,351,Wailmer,False,-40.98822698810719,18.63729988408639,-20.2170521516383,11.670270736037796,-64.43351554473516
351,352,Wailord,False,-72.69657078712889,49.931600117770714,0.1657439835008573,-3.301659086114134,-66.41295768213345
352,353,Numel,False,4.365800735564829,-12.74417020280705,-14.56511405959811,45.76917830790904,-31.577162325499934
353,354,Camerupt,False,-22.369499784363235,22.42402242647014,16.12987219393336,29.207559401275184,11.914786182158299
354,355,Mega Camerupt,False,-29.008693712632404,57.7314560604476,57.67429711982102,35.94366809498422,47.05420966909476
355,356,Torkoal,False,1.0579410934657392,-7.627314663434703,73.36068974690546,25.49056469777269,28.44365457767195
356,357,Spoink,False,44.69860696162706,14.246971581910088,-26.932015573218656,21.015379737397208,-35.99429599216357
357,358,Grumpig,False,33.532877949468464,41.98303142863129,-4.2088445400936045,-15.200543488094283,-9.774324969888955
358,359,Spinda,False,14.161560515967137,-13.041761237499628,-11.4300539744044,15.18542012852655,-16.653331789117143
359,360,Trapinch,False,-25.002245849827577,-43.39139128246598,7.2204108336068105,60.11980089863718,-23.98224930488712
360,361,Vibrava,False,6.747950371503854,-28.780658384218498,-27.5714639087957,13.328257349877907,-14.53433697152117
361,362,Flygon,False,-17.50373762635597,9.609689871840585,-8.364929759937873,-30.619184795841097,17.412071632857966
362,363,Cacnea,False,-16.21800887386542,-8.313546140001208,-17.382336950242973,55.8911221093897,-7.800461973511875
363,364,Cacturne,False,-41.93799691148361,22.787186474948204,-4.184517163452323,28.57994487330602,21.50970667654571
364,365,Swablu,False,45.15173100519242,-24.66562970807229,-4.5339439557480645,15.274984074969367,-28.522371274307307
365,366,Altaria,False,19.906723623100913,13.406582535113888,14.62457329619069,-28.215471746680166,3.8575035320868825
366,367,Mega Altaria,False,-14.080010531792205,33.0110653328094,29.47456913692567,-24.17836950896481,46.5700282706046
367,368,Zangoose,False,-35.78673001891694,-16.915886888999964,-19.794154762917415,-17.585202510864686,3.2659942798370625
368,369,Seviper,False,-28.244610903305883,15.6627210390499,-9.958522291759165,16.57228633260565,10.419253927124128
369,370,Lunatone,False,19.63522834784468,28.58709460521577,-7.7819216280443495,6.746676443818043,-1.0282377111757628
370,371,Solrock,False,-11.671322547293007,-21.043975545249722,7.815884835834472,-9.646550005403341,2.4069092334277236
371,372,Barboach,False,20.416486886043977,-30.536776752195728,-31.694392132484943,27.14208017989854,-30.812333398978073
372,373,Whiscash,False,-19.09992830205492,20.433172216391938,13.401946099467375,-5.589056791224713,-26.505152292789443
373,374,Corphish,False,-2.5087383913302297,-43.76766330640325,-1.5770403721415214,41.498092984686636,-10.612158745314119
374,375,Crawdaunt,False,-37.3185126659402,-6.859828703654996,11.93883936445064,16.578938768358984,27.02098873582094
375,376,Baltoy,False,45.04984017985171,-27.80638756658998,-13.744003164542853,16.845912832086935,-26.599613777216902
376,377,Claydol,False,35.18633992907181,11.065105699990793,29.319731345582827,-31.405634825527386,16.921253611615022
377,378,Lileep,False,37.93205026163705,0.7682852638240653,30.272241579728533,26.253917911780533,-28.871352653691243
378,379,Cradily,False,5.776111444245136,22.88326374795835,46.14993987687736,-6.445058212467871,-1.2719777388074571
379,380,Anorith,False,-11.642379045648754,-44.63181561418888,-28.69220994086658,3.903111269790254,-6.519848168783632
380,381,Armaldo,False,-35.19729517375059,-10.030368116973266,42.31648808883294,-2.578237448152263,15.968490972527643
381,382,Feebas,False,67.09505498454332,-53.50192002038596,-63.00888360646599,13.155882751032681,-48.23967312429067
382,383,Milotic,False,21.273741129133402,57.00975442514466,13.971607399671198,-29.40089330360298,-1.1672944718669251
383,384,Castform,False,6.067187933151088,-0.3016008594161309,-5.100495806913358,0.6330243467517142,-5.906525580515245
384,385,Kecleon,False,22.74981809520667,7.318903109986389,41.658928495524115,-19.51248290689394,-24.349280468533983
385,386,Shuppet,False,-5.7416569953238765,-27.513296109175744,-29.81723369490281,48.08775208358521,-18.061320229816058
386,387,Banette,False,-34.619895365637845,-3.912340235578228,-4.417257572477993,9.661990521678334,15.026631665744915
387,388,Mega Banette,False,-74.40896080104561,-1.1358643035775946,7.21071300529873,-9.589287830233394,48.07280504086141
388,389,Duskull,False,69.47379204494757,-42.37439981472909,31.158544868691976,21.764588282128184,-13.660301218350433
389,390,Dusclops,False,54.58126551456793,-5.509903861859412,78.17479112080042,-5.8867513024045035,18.27553881551815
390,391,Tropius,False,1.6875808033892172,18.14215699280034,27.49027057816951,-4.814696422359724,-21.756343252191
391,392,Chimecho,False,24.775581065900727,24.27747116428945,-5.036565816510486,13.929549612212556,1.5137104035992843
392,393,Absol,False,-48.970502095245514,-12.972175635851634,-12.386296711114765,-0.31903590714190827,16.16962755473343
393,394,Mega Absol,False,-66.64071132536013,16.041848467899253,-38.045026996324076,-17.018376773437947,54.306102372559565
394,395,Wynaut,False,24.73013176280452,-24.299385642130378,7.698303406842874,28.78187603560852,-86.69093252036633
395,396,Snorunt,False,22.31508238503016,-25.76793829481094,-17.863429036380097,29.827213318571463,-27.390706478238684
396,397,Glalie,False,-2.019184259611045,12.45353348642302,1.2231057358526152,-13.969832340827573,4.910063424113662
397,398,Mega Glalie,False,-38.39436914067806,36.187655812043374,-9.531035089011421,-19.23857133023828,43.51141561747934
398,399,Spheal,False,19.884880528102297,-12.584532134397438,0.9809294235654957,44.361365892480144,-47.44688748781676
399,400,Sealeo,False,3.3251178078232613,13.493824948289719,13.733041174360054,15.212920630672286,-26.627385024489044
400,401,Walrein,False,-13.179744254879152,39.63139325955854,26.713988113707835,-14.454816958868266,-5.601940613808436
401,402,Clamperl,False,21.517440240761996,-21.18822229944375,13.856768244334166,43.97219618083021,9.186726630369678
402,403,Huntail,False,-11.202300988506579,0.7361647326071953,29.278400225113252,11.593751687449538,37.07661242231169
403,404,Gorebyss,False,2.9840697105858176,19.22832930408044,24.57941973685238,22.142274896569717,40.995447575384524
404,405,Relicanth,False,-13.144264840585524,-28.58681600030443,59.619930852662414,-25.01385777784971,-4.706481158686849
405,406,Luvdisc,False,50.334322022140945,-26.152437920403315,-42.503217749219,-9.067993665780763,-17.710611670658622
406,407,Bagon,False,0.03880097059727383,-50.58266103222868,-14.70674382630414,30.73815954728192,-15.989071971801694
407,408,Shelgon,False,-13.580277882000162,-30.321808821981637,23.92573007896302,11.441381920513257,10.465977295335044
408,409,Salamence,False,-55.79485236018958,32.23687253331826,-3.1006958510953586,-30.00058398114257,35.17100651066318
409,410,Mega Salamence,False,-52.18168433112334,33.27544441826628,20.761462930872096,-57.84998116071294,76.24919606057378
410,411,Beldum,False,32.42123351845417,-44.07925214402222,17.192458448234294,28.89191406652078,-19.52626740199873
411,412,Metang,False,15.757034738624515,-18.606807453631383,29.84357488692306,-0.06796522872609984,2.1392987022246404
412,413,Metagross,False,-37.01030216986634,8.84559325057954,49.32786265850759,-25.94372020517757,51.73116734903477
413,414,Mega Metagross,False,-34.50305202036817,20.966520432071842,44.60003714260953,-64.63611579040884,82.0303291357635
414,415,Regirock,True,10.113693410437167,-31.98278864769431,112.88662136661286,-43.067908441381896,49.438045200581286
415,416,Regice,True,71.83985503001293,84.70738596937925,68.9968660156708,-45.457432598127205,0.07657151810949102
416,417,Registeel,True,37.803176389609945,26.225929723744088,88.50968389795727,-42.94428769194049,24.3604885793373
417,418,Latias,True,15.476261470258466,55.97045988078438,3.33637429563592,-49.50767918356017,32.580549764747985
418,419,Mega Latias,True,7.438711721052743,78.33714042498887,29.28845009217725,-56.933495543506346,69.16882349177531
419,420,Latios,True,-4.259760259328534,62.453071528473814,-10.496057343508019,-31.93653480752489,41.29969502684373
420,421,Mega Latios,True,-33.34932220803634,79.01474797723863,8.30002442280913,-35.40679465052504,80.1061097783081
421,422,Kyogre,True,-11.228991313201764,95.71499599354334,22.917420474008818,-34.337827693268686,41.83140974707755
422,423,Primal Kyogre,True,-49.59500679376181,124.62142532744748,35.143714579810606,-38.554713298749,73.2756273865102
423,424,Groudon,True,-55.935147040453465,16.612927237975125,50.241233860427485,-47.99613740068346,60.6908305310265
424,425,Primal Groudon,True,-83.232213113236,45.31854974997503,63.09978930021499,-39.89876493377771,103.98561389928543
425,426,Rayquaza,True,-71.98863698294603,66.0861947192223,10.308342427933956,-24.383120209849952,57.81866290727785
426,427,Mega Rayquaza,True,-93.94428039023002,86.51789457948206,8.656190708316883,-38.85470024475913,93.6257557621324
427,428,Jirachi,True,-18.24628027622232,38.06865531295756,13.947028301047734,-43.790444539938726,26.18669246153708
428,429,Deoxys Normal Forme,True,-67.27929856765716,35.84921859228949,-76.19252775283108,-16.715711964810065,85.08593244490525
429,430,DeoxysAttack Forme,True,-111.0631688777814,47.40951610073159,-104.71811281154429,10.361511005430406,93.35922201937794
430,431,Deoxys Defense Forme,True,62.45930776677964,14.895818420174447,66.034180261348,-69.04359568691217,53.902414662793085
431,432,Deoxys Speed Forme,True,5.745526368002796,14.627032439742898,-57.65844405258589,-76.49393103071874,69.33726539897332
432,433,Turtwig,False,9.441396573636615,-31.69799167371869,8.892401091666624,31.733189249840386,-25.855568286043415
433,434,Grotle,False,-10.119849895475902,-19.139107762901006,29.153110965020236,12.759346964772684,-13.001202657791325
434,435,Torterra,False,-26.212223309020317,6.481384520310643,42.09249257264076,-16.37022005715249,8.643009238254121
435,436,Chimchar,False,14.79565904365802,-24.611926645314806,-31.671595773991044,30.154488999402776,-17.063068396144836
436,437,Monferno,False,-7.509996284525645,-1.9556071551465035,-30.73874690040525,8.906083278678388,-1.6420590633587495
437,438,Infernape,False,-25.995734281820937,23.51655237089201,-25.03202113509094,-20.805646545350957,30.703919279233492
438,439,Piplup,False,21.18666892609131,-14.643999537058924,-7.956067411120678,36.43800715455023,-24.878200654018116
439,440,Prinplup,False,11.865212139315119,8.526038871153641,5.11052358010711,18.80864963837075,-5.894732935354756
440,441,Empoleon,False,-4.1225976864111535,43.38853685966227,24.873090732996413,-2.3557171233632084,17.245242279637583
441,442,Starly,False,14.83534777339242,-50.46657654454384,-43.671230292096396,31.716846963220092,-36.792166532436916
442,443,Staravia,False,-1.3103775583162451,-38.94310842416751,-34.34073971938907,4.467466507153997,-17.69218395982737
443,444,Staraptor,False,-41.43790881758666,-21.449501538837428,-15.136577780952443,-34.79317585206672,1.6242649933509696
444,445,Bidoof,False,18.380344799265306,-35.607448369054104,-13.036397845742659,41.96403162590793,-52.17789357488346
445,446,Bibarel,False,-13.298480221241489,-12.971206813149264,-9.945423980772292,-3.8070204699290935,-17.944008068650803
446,447,Kricketot,False,45.82540049213113,-48.298654446115854,-15.557609380333487,52.3360908924807,-52.54641791772304
447,448,Kricketune,False,-17.166389682945166,-16.199372506694306,-15.54496010740651,6.9763341027191155,-23.085959584304778
448,449,Shinx,False,4.573760150969078,-42.25198297939346,-29.176281204031568,40.50354707696628,-33.72729020537352
449,450,Luxio,False,-12.023855168651078,-20.34092624353989,-19.01902693781343,19.39181310995328,-13.72943696074544
450,451,Luxray,False,-38.12615564366427,15.792042942592031,10.648216899045785,-6.612177513488998,21.716154028353905
451,452,Budew,False,49.59456791320618,-14.001136488997123,-29.386762765269133,26.82692630227822,-35.146254531406335
452,453,Roserade,False,17.624862929848085,55.39506304687798,-16.456096581337743,-3.662218531587285,29.533583241437654
453,454,Cranidos,False,-53.1637597445586,-54.61857895004329,-20.96183968542524,11.890067013567254,-24.176747390876756
454,455,Rampardos,False,-92.82015941249892,-17.91272007434251,7.844051053650962,-4.137985424621559,-0.3228457199914933
455,456,Shieldon,False,62.32789585877789,-35.456792056689366,46.37347538733366,15.579707714767395,3.739190128029706
456,457,Bastiodon,False,66.23410818494295,-8.881068085285342,103.4397651229533,-27.182834604387644,17.67303601494306
457,458,Burmy,False,43.09364936931706,-43.78466486004698,-17.397131965667366,41.476470386140484,-45.75438792940024
458,459,Wormadam Plant Cloak,False,33.876298546555816,16.509968109567833,33.83065948294664,12.74900715262237,-4.211217296197334
459,460,Wormadam Sandy Cloak,False,14.578620811816082,-15.304236554320573,43.959184878341446,6.790929961701273,3.0123681713072505
460,461,Wormadam Trash Cloak,False,23.9829984144862,0.40644018022016853,38.90895598128521,9.713733459055693,-0.5366897046894545
461,462,Mothim,False,-26.345450214292228,8.615136615184818,-21.32704655512641,22.219933367022723,2.587988895463113
462,463,Combee,False,45.93028074358187,-47.10683831085875,-43.6387092304325,23.475159616487776,-30.52565045852054
463,464,Vespiquen,False,12.895949303140142,12.750278603221114,46.0596420562517,1.4137766356058605,7.813342390712701
464,465,Pachirisu,False,41.484534313337065,-9.793661158158262,-17.41095584340035,-27.94748696444385,-13.41567223395912
465,466,Buizel,False,-1.818775477200827,-22.742780410984015,-54.64158590440229,17.901759697964653,-17.370531863966193
466,467,Floatzel,False,-38.65417479567049,7.667042529057405,-43.77645808711991,-22.819666166590064,10.309653444591744
467,468,Cherubi,False,34.90317700592018,-14.379579719099764,-15.216560133672154,48.56739300813605,-30.5778235125657
468,469,Cherrim,False,15.643733018672735,18.422806221149155,-15.07465503891881,-5.442316549351367,4.178289470254244
469,470,Shellos,False,15.049306968525864,-4.38276300827304,-0.02981424307443099,30.726267811037534,-44.80179062926773
470,471,Gastrodon,False,-21.957587457412956,35.52904474826777,26.09429540666462,10.52014071440974,-23.858057941671195
471,472,Ambipom,False,-19.88911243206128,-10.522724946273238,-31.085767173806463,-37.227442593929084,8.100068103299419
472,473,Drifloon,False,-1.497942082086963,1.117214542461158,-35.261147942065186,12.619840543139288,-49.03708209380551
473,474,Drifblim,False,-51.345468496756496,48.15902056465522,-16.878843513067828,-13.614303462013213,-52.32657740648282
474,475,Buneary,False,10.256099415266835,-26.38541750017259,-37.68300335631673,-1.848749513195844,-20.246897468961734
475,476,Lopunny,False,18.171958947304233,-5.867991883394386,-7.892508521086581,-43.83268809229561,8.139907192201461
476,477,Mega Lopunny,False,-28.89063600540113,-18.447627283601236,-12.700796226561888,-77.50050580632404,41.95787349095666
477,478,Mismagius,False,27.696069611130444,42.70166622225608,-28.61877426884184,-20.04010276948993,17.97284649018503
478,479,Honchkrow,False,-64.40494903817537,24.66937566090326,-12.604059901261895,7.014607529248766,3.94665137554592
479,480,Glameow,False,15.057922907537414,-35.97291401150334,-48.4357708875117,9.389018419750983,-22.67501277845579
480,481,Purugly,False,-6.602501190135339,-8.570750162333514,-37.392380079220985,-26.83168403090521,4.615905889532341
481,482,Chingling,False,38.807795016106574,-13.08708638641132,-20.118633976137247,44.493013761730516,-24.490023715311565
482,483,Stunky,False,4.30020519105271,-31.7567739708173,-32.32638085086081,7.790656719134683,-29.830637771863906
483,484,Skuntank,False,-31.11235675687232,8.681857852838734,-8.79470736946737,-18.70127525839228,-15.544102569034708
484,485,Bronzor,False,60.66751769742008,-30.251685888855892,34.910422673605,16.212082479889048,-43.535000482718104
485,486,Bronzong,False,14.98641250474206,13.263887024650279,66.33944402196921,-4.743089970466165,15.600098563431967
486,487,Bonsly,False,6.929042270359335,-73.46704326063113,42.476161347236655,29.63984120267794,-27.910617466279472
487,488,Mime Jr.,False,71.39032427868818,1.233277562367036,-26.615475050496006,26.478739932924274,-9.332830678410996
488,489,Happiny,False,38.88457854544046,-9.980825050464402,-21.11185920304793,24.237317088610748,-115.77655209345144
489,490,Chatot,False,-9.831406206169344,15.702138437045523,-47.9098731206861,11.912320844299675,-7.54824170331374
490,491,Spiritomb,False,15.117608764952022,14.110275923084748,53.56879812862986,11.452800319503334,31.208648298380332
491,492,Gible,False,0.5567681145458425,-35.25283183651549,-12.5509496555387,29.86980590215939,-35.07065645048899
492,493,Gabite,False,-12.623987842033223,-24.9716836661903,-16.618730766797462,-9.30385247723807,-6.77387010195872
493,494,Garchomp,False,-49.91918304933958,15.639691879619159,12.230665645980277,-51.34614529394583,19.6216079843483
494,495,Mega Garchomp,False,-80.33960003958913,38.729019735854735,36.41179356105591,-44.97072291572771,59.308660778166434
495,496,Munchlax,False,-33.17561809367663,10.844669909178396,42.400072304427084,13.112154343061476,-86.98257912717423
496,497,Riolu,False,6.651602472626098,-47.823546520429986,-32.751676372259865,24.862029295263838,-24.133135789500386
497,498,Lucario,False,-31.092216390247206,27.215403018099234,-16.390225020409172,-2.502435597716649,35.33167358222417
498,499,Mega Lucario,False,-58.29077788652561,37.40383534313144,-16.25900004933048,-18.11407555237585,74.96485892403456
499,500,Hippopotas,False,-0.9906009690874976,-41.3487811686626,18.437582587422618,25.93996441664506,-27.79597730778081
500,501,Hippowdon,False,-37.23768096862912,-2.5894424645621155,58.38756733918539,-13.947892896832732,2.1830868033967192
501,502,Skorupi,False,38.01702851971938,-51.04365046231933,0.27722453495432703,3.893725053743286,-6.11989525304319
502,503,Drapion,False,1.1783191354448403,-17.231244032675452,10.708501019581156,-34.636097312422876,25.82061575390514
503,504,Croagunk,False,7.892398780851213,-22.509884202046027,-27.81029098357871,39.836393366984666,-22.140478003729935
504,505,Toxicroak,False,-32.37242593478838,10.13769586624583,-12.892233268288745,-10.010597804018685,8.573065061863307
505,506,Carnivine,False,-22.615053076463727,10.883115471198519,15.018388056154928,18.240724931685783,5.106711399905761
506,507,Finneon,False,28.974628493771476,-22.70287205809178,-20.44873315034279,12.690677814126406,-19.761321818392897
507,508,Lumineon,False,14.685450060655086,5.085364991248329,-9.114640050732339,-22.117522346718946,3.154543386756906
508,509,Mantyke,False,77.90513178753149,17.137893037266437,-0.31209055268600944,5.877152488817946,-32.564928661898875
509,510,Snover,False,10.02447927258231,-10.47620067314247,-5.471621001191973,32.42147770193689,-26.165707310110992
510,511,Abomasnow,False,-17.075566917782524,25.800887981550385,14.987117420173238,-1.867951893801933,0.4799739667704239
511,512,Mega Abomasnow,False,-44.59240275071299,52.62619729763687,62.376998797803346,12.689784622471045,38.28089873539773
512,513,Weavile,False,-26.415702156895364,-20.512719943841777,-29.2836227219917,-62.115126188647366,11.253623309262041
513,514,Magnezone,False,13.515284685336455,44.853373730431706,31.398493655682998,12.603929576835348,45.646242492165065
514,515,Lickilicky,False,-12.854601337023894,26.849340912913924,42.70837454376035,-13.481720744936831,-12.278975180125801
515,516,Rhyperior,False,-66.43261000268572,-25.35972618077793,71.40520526333341,-14.77140865664227,5.3915854857206895
516,517,Tangrowth,False,-38.92355180041411,17.179978134436382,49.692070417270344,23.58959646245866,36.109522679267776
517,518,Electivire,False,-39.61393773690414,18.18714345351442,-12.3570475755394,-23.010330534964336,27.62210616525826
518,519,Magmortar,False,-14.544443257898825,52.03749609021446,-7.130116062312993,-2.7567273799268075,28.409268781158435
519,520,Togekiss,False,30.580075836425586,62.66273038178085,16.033089771072007,-14.381217898806577,20.41424944632903
520,521,Yanmega,False,-12.088346242410465,33.61765753940358,-18.554432495438757,6.8648024691972465,37.737808115622435
521,522,Leafeon,False,-12.908497724848694,-31.572905411760882,22.14975608198339,-35.19714349891443,46.443318921191604
522,523,Glaceon,False,24.779367412725858,47.743329032751674,23.938043357690457,10.774796019042112,43.67596126530415
523,524,Gliscor,False,-0.5960593465091235,-31.523873604652117,24.238590836751502,-46.32699143235439,25.662238075400946
524,525,Mamoswine,False,-61.946331430225385,0.2590235092500521,9.154713190699658,-25.7792508257312,-0.9419495105667014
525,526,Porygon-Z,False,-13.808196948911139,57.41985601229152,-18.192940829501403,3.515965029426981,27.5919146186083
526,527,Gallade,False,-22.76282388499506,4.822807867034981,8.982685653654585,-58.920916280808456,-6.265661988592475
527,528,Mega Gallade,False,-51.98452440348952,-11.62184403344092,12.684324769033584,-78.88314210822747,48.49928646759236
528,529,Probopass,False,62.407484688529216,22.37806239973125,84.02230216096399,-25.869804026745033,22.886927879785095
529,530,Dusknoir,False,32.16701807739095,-4.059601977467605,76.68364639210104,-30.53047378167226,38.125525688620876
530,531,Froslass,False,-1.4956342829936256,6.870392133308907,-30.065113620763977,-24.900614639161496,14.998995556235283
531,532,Rotom,False,32.44858906757979,15.849354726175495,-21.401950959658013,0.54637920211602,22.069038301836926
532,533,Heat Rotom,False,34.18015485663926,28.26341486546922,12.643118194094063,-15.559989523317842,43.421693505893444
533,534,Wash Rotom,False,34.18015364981127,28.26341440037337,12.643117989502334,-15.559986491680938,43.421695891968966
534,535,Frost Rotom,False,34.180159622544615,28.263416792685945,12.643119039075438,-15.560001433415941,43.42168403245634
535,536,Fan Rotom,False,34.18016286586859,28.263418121641646,12.6431196212393,-15.56000952657643,43.42167757579131
536,537,Mow Rotom,False,34.180155017543306,28.26341492018896,12.643118218389075,-15.559989932531208,43.42169319183388
537,538,Uxie,True,30.794901511828325,20.095574344419497,39.58835081254822,-57.78585562717141,32.450433762676184
538,539,Mesprit,True,-12.415460216688242,33.04352749578578,27.150668473460755,-25.569880956336824,37.21314867177926
539,540,Azelf,True,-45.438969557431875,35.16773268747707,-29.772645341584212,-20.070449120276724,50.00588902050195
540,541,Dialga,True,-37.24708627179181,67.94370101993113,31.99319798086699,-25.07025743163694,65.67948741492967
541,542,Palkia,True,-28.6535728662137,76.86101508731797,16.540913285873746,-34.145177421475374,62.66627589870965
542,543,Heatran,True,-7.402014082466779,59.2316636157615,28.056860734462948,-15.818687374892628,38.960805902019146
543,544,Regigigas,True,-64.58566687451639,18.331995415467674,36.20583221897676,-71.02783497862542,34.649588405510094
544,545,Giratina Altered Forme,True,-31.610702330004585,64.57210596750781,53.52834894531607,-67.73550067535328,1.4810850739810928
545,546,Giratina Origin Forme,True,-60.639133389974994,71.65957028093216,33.221194697131395,-48.806150096562206,8.768269645834975
546,547,Cresselia,False,13.040037238593898,41.294168494179,50.19646902821471,-63.581526989382674,-3.411238654119368
547,548,Phione,False,-2.02887097452962,12.4631567105749,1.22690665062273,-13.979613450508346,4.883201803428283
548,549,Manaphy,False,-18.214344673876475,38.02646036046004,13.94937259207646,-43.77880251951021,26.288289875644363
549,550,Darkrai,True,-4.991359409639094,51.65396108009295,-23.639061593079514,-29.87842384500556,60.48639068084523
550,551,Shaymin Land Forme,True,-18.214311674764637,38.02643353600553,13.949356227970096,-43.778852596998284,26.288285109226795
551,552,Shaymin Sky Forme,True,-35.305278200434216,49.0962590676457,-31.034166372192878,-39.952178793958836,31.515329918672855
552,553,Arceus,True,-34.39596203858815,63.169714120272786,26.51465489314483,-74.00054354342849,47.6125669059228
553,554,Victini,True,-18.167420087427075,37.981429068868586,13.949367447974382,-43.809491284761855,26.376422009816746
554,555,Snivy,False,32.02864823789764,-29.237676153984427,-22.364860503533315,17.96538673604535,-22.21926138838702
555,556,Servine,False,22.69278856643331,-8.772629352249611,-11.049023347770392,-10.633911330094568,-1.8926522524522609
556,557,Serperior,False,14.017549898730588,11.842005004656546,-6.204453121340082,-46.58947062187751,21.922040981707337
557,558,Tepig,False,3.1975650190448466,-26.9746754504698,-13.95606191235836,28.03152834344506,-37.86231367575174
558,559,Pignite,False,-29.211593627294516,-0.2501891268237331,-2.804318552680448,11.326556760208483,-21.324790429989488
559,560,Emboar,False,-60.11888205644152,28.40066714420642,6.579167491106739,-2.389085539378148,-0.150896225875384
560,561,Oshawott,False,11.839280424542615,-15.908508012310218,-19.13007748007396,39.180747625410994,-26.19066073277426
561,562,Dewott,False,-7.0945238137635345,8.177704224648496,-8.190894484209004,16.729523207924373,-8.764448582425734
562,563,Samurott,False,-31.619603449926455,32.18536014790568,11.170618667460671,-0.5626363269954936,15.912127421931832
563,564,Patrat,False,15.937363210952851,-43.08148820318178,-23.132394969746475,38.65912228468831,-38.0977158141206
564,565,Watchog,False,-0.9416927044949717,-15.070859147626647,-9.719324168987564,-6.2590773022528605,1.1733419036957622
565,566,Lillipup,False,16.739265834175182,-50.18340202603775,-23.556304340021303,20.291459255836415,-34.78537160950337
566,567,Herdier,False,1.16500111549431,-32.74551645454074,-0.2656829740808195,-2.499571524603444,-23.38845105506167
567,568,Stoutland,False,-19.94740775042336,-15.335095226346267,19.897403181424313,-40.72389128684816,-1.5500582336044009
568,569,Purrloin,False,20.065231772985655,-31.957907528633665,-42.77883447410677,30.559169457581465,-23.970146388942602
569,570,Liepard,False,-16.977763448799006,4.264210303892939,-48.12759533057784,-4.638034708135179,13.32009644935798
570,571,Pansage,False,18.982794435750463,-23.987987902382287,-28.446239393254682,22.110400895252116,-21.691012353473603
571,572,Simisage,False,-24.47068223556501,17.533817606614026,-29.146952644194457,-11.473209137962249,20.1890148373401
572,573,Pansear,False,18.98279444622366,-23.98798792382256,-28.446239392064985,22.11040092868869,-21.691012287103153
573,574,Simisear,False,-24.470683033462773,17.533819039125195,-29.14695286211071,-11.473210542050538,20.18901165813816
574,575,Panpour,False,18.98279441093376,-23.987987851126974,-28.44623939603892,22.110400814578075,-21.69101251278372
575,576,Simipour,False,-24.47068294919589,17.533818887683335,-29.146952838997905,-11.473210393189456,20.18901199447816
576,577,Munna,False,28.37426742566848,5.3641146823715165,-1.6823912724208696,49.49406897474879,-53.00996008754347
577,578,Musharna,False,2.5234859643846193,57.10586575381571,44.45240187584685,17.221334991232087,-24.232669290102546
578,579,Pidove,False,12.545001324469931,-46.76127458683629,-17.800370482111646,37.48076325813589,-35.03386683935494
579,580,Tranquill,False,-5.328934175590332,-31.224372682949376,-15.517246677957791,12.16698633533393,-14.495242021247375
580,581,Unfezant,False,-37.0948835565405,-15.735790539164393,-9.229425575731211,-22.460341083552354,13.42383054939031
581,582,Blitzle,False,8.021878657980656,-32.829937352387276,-51.61403423772214,24.29670277865128,-22.356340735975667
582,583,Zebstrika,False,-23.564542248971968,4.123326353031695,-36.59007668065912,-28.62922828806326,16.655260892030288
583,584,Roggenrola,False,-1.586314125100411,-66.47964224873594,26.338055076314408,42.89217041991537,-27.26714487224016
584,585,Boldore,False,-26.58193494205172,-43.46121499044546,45.96237997531491,28.605947536439157,-1.6108316139887189
585,586,Gigalith,False,-40.94091638355938,-21.29761704293314,78.71393049749506,-4.881037219683723,17.27185067312418
586,587,Woobat,False,20.532505536701102,-19.34096647084869,-39.4956636352082,19.656943376784255,-27.25026517000276
587,588,Swoobat,False,11.332845473521678,4.705323600086738,-53.334259147391634,-15.513965274459839,0.9305122907734885
588,589,Drilbur,False,-11.58404479363806,-43.42157142741105,-28.63357551347093,6.073635757526944,-30.953285162807738
589,590,Excadrill,False,-64.85455461216017,-10.49057154413942,-4.7816461336847516,-36.97617868378188,-15.909389593210076
590,591,Audino,False,7.552672426810081,11.259816703439265,31.25486114934763,-9.339894516591574,-32.66922112212716
591,592,Mega Audino,False,25.9798065892804,36.03305877842318,68.79932057094572,-28.693901234939094,-2.007468151795866
592,593,Timburr,False,-14.767801748995751,-47.7655444076523,2.189956522475089,23.899212548278573,-45.670229281396075
593,594,Gurdurr,False,-30.813226463060232,-35.75211408476635,27.91892433933393,5.838333828084407,-19.180491005804182
594,595,Conkeldurr,False,-62.90325785272673,-17.316770563707248,43.76661740461844,-12.756351000488282,-5.164489995385012
595,596,Tympole,False,17.570908315716053,-27.49277951914823,-36.63531522604705,26.79365342880833,-28.39189762785863
596,597,Palpitoad,False,0.38648224795358815,-4.0568814015980434,-18.673000826234922,8.33328678129324,-21.602619907029336
597,598,Seismitoad,False,-28.65059653404223,23.34703485399594,7.294315269565537,-15.092681429323406,-6.853528391841125
598,599,Throh,False,-28.59127651065734,-12.721032521474845,45.03925981432577,-27.37871485273954,-44.00020430539669
599,600,Sawk,False,-34.828263566194344,-38.379782205991795,2.3878085243828577,-39.54635776868359,-4.896939354000671
600,601,Sewaddle,False,29.797477679789544,-35.655063253693825,3.5824721663503043,23.62073684270378,-21.393292683771588
601,602,Swadloon,False,26.60393834917452,-20.692236505939256,26.111767086326232,9.02778824869304,-9.184302115243462
602,603,Leavanny,False,-17.192553208258715,-1.0716400465448448,-3.170025713719773,-27.855867331117857,13.619560831888421
603,604,Venipede,False,35.21736486928476,-54.74690736026754,-23.352412767191574,27.57379759582389,-21.05967948336409
604,605,Whirlipede,False,42.00222957589168,-34.987040995794665,24.779315572254635,6.192129740491476,-2.551867259370516
605,606,Scolipede,False,-7.882507857808758,-23.848779959700757,-16.20924869551823,-38.43317808991221,25.093483271991346
606,607,Cottonee,False,49.846140720296084,-38.42012708431208,-25.531609442728254,17.514768042428212,-25.144087097358216
607,608,Whimsicott,False,18.738438324705623,1.587561399893429,-26.47243658792203,-30.54256914537188,25.732418308657348
608,609,Petilil,False,33.471086637808455,-10.64135657476391,-10.522726416640344,55.37685791938992,-25.562713723444695
609,610,Lilligant,False,13.494937612377118,34.19133933782079,-18.845398993047947,1.2790569787595696,21.58158058336951
610,611,Basculin,False,-17.994233731040115,-1.0303047864114603,-29.317376360106888,-10.280847202621086,12.75723341634384
611,612,Sandile,False,-1.2459345770626766,-44.31059873199264,-37.67334045625152,21.069138535515155,-30.33111185895292
612,613,Krokorok,False,-9.289510034500188,-31.5877589352769,-30.549254483317668,7.103699799594688,-19.931909562986
613,614,Krookodile,False,-40.064017017079365,-3.058156244356335,0.21313213674609352,-33.50797702880164,4.931821484180836
614,615,Darumaka,False,-17.91999045005902,-53.23591583213061,-9.924558869142256,7.458014959712113,-45.330722155477616
615,616,Darmanitan Standard Mode,False,-68.68757432368996,-31.83517746784461,-14.401259596162943,-42.51204225305618,-21.59113769135382
616,617,Darmanitan Zen Mode,False,33.33655458386436,87.4051697089329,37.04765284346784,15.026424214178382,9.855446941342363
617,618,Maractus,False,-14.873273823358298,25.207174486631544,-2.0012581007342094,18.85325875432497,9.628739064023227
618,619,Dwebble,False,13.38781328923706,-55.929729541212886,1.392577641986725,16.96765884413618,-8.315207725182143
619,620,Crustle,False,-3.8506249750859154,-18.113961233079415,52.08722848640078,-1.858082756660431,20.33446839613779
620,621,Scraggy,False,15.05496055795592,-38.361586644300324,8.620107581570675,5.8896385608223865,-19.31072337073134
621,622,Scrafty,False,19.56642642814772,-13.980939095802297,51.69658754745841,-35.40059933226417,6.683163272360722
622,623,Sigilyph,False,18.77185850787083,31.208811358713906,-17.663430196285134,-10.851922685412625,21.489925052962526
623,624,Yamask,False,53.30189731923907,-24.509389007605172,16.57157198552492,38.26843116397412,-13.053027010942987
624,625,Cofagrigus,False,47.75206688146348,16.642914856937193,72.39296377432068,13.871580711578455,33.33423976727848
625,626,Tirtouga,False,3.3485762993876085,-40.56332653925912,37.563957958361414,35.83856513656529,-0.19281891925239733
626,627,Carracosta,False,-20.840074010883534,-11.681638421479255,63.35354684806862,14.12787426585289,32.3302533150973
627,628,Archen,False,-36.40597495727771,-17.885145824630335,-28.5338968180019,18.715933899237715,6.205067237396055
628,629,Archeops,False,-59.447788399012424,21.016097843522644,-28.429463303394073,-20.0785581710378,44.63370518723202
629,630,Trubbish,False,30.03267718442282,-30.04651103216825,-14.393436708791267,7.732398483569636,-21.768963503406976
630,631,Garbodor,False,-11.121340611403713,-5.205810044661688,10.37375424778945,-21.62999508601484,-0.9907633479529209
631,632,Zorua,False,6.380595781215208,-11.633171845656175,-40.198333914592894,38.618038129610554,-2.4825496347846827
632,633,Zoroark,False,-27.770777556874542,25.867559082292548,-39.17899000013908,-0.19817570849316632,41.39294202413534
633,634,Minccino,False,16.982951344741444,-32.65343350210872,-41.44522519552189,13.396115154995965,-33.15512584684599
634,635,Cinccino,False,-19.439920321111895,-7.07049599596324,-38.354875116674364,-30.691934894883598,5.838683594219726
635,636,Gothita,False,45.38384045119566,-14.359859323394323,-14.119933416002494,33.1676744899784,-30.172181829565304
636,637,Gothorita,False,34.79203982865182,9.587675500713981,3.0433755044176354,13.095922068851085,-10.894252964679367
637,638,Gothitelle,False,33.205169518628495,33.516015471753825,23.10215347596417,-8.036529925298222,12.10031504559779
638,639,Solosis,False,31.650283112005358,18.244970730703646,-14.987175287327213,78.22150264877297,-17.906224856978966
639,640,Duosion,False,17.868157111578892,42.89374521067653,-7.242205623016409,64.64568121574752,-7.584156060416657
640,641,Reuniclus,False,-9.606095848908911,63.67708516137372,31.65561573060133,30.006235209136598,-12.69757964791714
641,642,Ducklett,False,22.615518149869686,-24.079944873548456,-18.42323637399219,20.479012215207753,-38.596461956004546
642,643,Swanna,False,-14.463132661061508,11.218567873110837,-27.965879837949842,-11.84669758267334,10.279977075011903
643,644,Vanillite,False,30.797534143499718,-15.728123938750926,-15.700818444457393,40.77993904767409,-13.597007187163502
644,645,Vanillish,False,18.296111667019918,3.221124337621393,-5.728863451190813,18.155150405226745,1.8929506054308107
645,646,Vanilluxe,False,-7.717304073333006,34.40440831567734,7.715904092897537,-9.351871429172427,31.49946422455611
646,647,Deerling,False,11.954925051871443,-30.09824554964018,-28.73913468419247,3.9663377112681504,-27.140938819058974
647,648,Sawsbuck,False,-20.7114943670186,-8.19980625562729,-13.297416986342062,-27.776998607423895,1.0800176431116635
648,649,Emolga,False,4.011107486601406,-4.895263697532051,-38.79031628617762,-9.233816079143567,11.82769757027452
649,650,Karrablast,False,0.3637172490817714,-39.24081015503438,-24.99993224243513,19.248610366883963,-23.435618925674298
650,651,Escavalier,False,-35.13664856050933,-9.697951747385659,79.23727208135435,1.1300852409565778,6.100407453236946
651,652,Foongus,False,9.248895105515826,-12.964024096488176,6.926212450070467,48.667247700762175,-46.65749776115623
652,653,Amoonguss,False,-24.75135642854365,29.527318203564977,34.0296572492162,13.422686889200781,-29.99675675491392
653,654,Frillish,False,40.66260850151761,5.357295704072747,-1.2351091531906406,26.45545641586013,-30.351156468635267
654,655,Jellicent,False,11.229282144014817,40.15482249973494,17.075057828487285,-10.513921826209751,-21.904809972818285
655,656,Alomomola,False,-48.10312655736323,5.377737545103706,24.262846556081755,-35.70722443073056,-82.75673558198766
656,657,Joltik,False,24.527425656863706,-19.39465830691482,-28.499343718033533,22.365433301228208,-20.316217714837116
657,658,Galvantula,False,-6.542959896127958,18.281841920504064,-41.62269284989732,-9.61173158346892,16.96745270608937
658,659,Ferroseed,False,47.83097593630063,-41.1080318520296,47.77716097166315,22.886613336291166,-31.193946139594097
659,660,Ferrothorn,False,12.314836836514242,-7.001160397634821,88.18857338154345,-12.070811150321518,3.3795636480350777
660,661,Klink,False,29.851461903813462,-34.64884241049242,9.865994063075851,35.453564778730524,-19.183235863775277
661,662,Klang,False,11.247449591953314,-4.92074542119607,27.89282186299109,3.4382883173511085,8.380205193083087
662,663,Klinklang,False,-0.7200494530140802,-10.947597264401479,18.42152670025932,-31.052776193455426,37.98873327769399
663,664,Tynamo,False,20.46989187538237,-38.861683423324095,-36.47356308077197,32.3876296136397,-21.468806610537662
664,665,Eelektrik,False,-5.901068604305207,-2.05289888437894,14.226159739062934,23.550572314255664,-5.0871344883881155
665,666,Eelektross,False,-37.109527982688135,26.321166587383658,23.73123574099895,9.456281609939323,16.282391551758558
666,667,Elgyem,False,13.912106539562872,2.5974918170210914,-2.0562035826641147,51.0868481849873,-14.862465201591474
667,668,Beheeyem,False,2.3073173243504814,51.86011479694685,21.80666522031829,27.509969888109392,12.87212964843553
668,669,Litwick,False,38.098693099303986,-10.671667261331882,1.727875995978465,56.217221856523395,-33.0822258141518
669,670,Lampent,False,26.002701655921584,17.858735194891278,-14.705731802106293,36.71380439025257,-6.1984156432020345
670,671,Chandelure,False,24.788748142986908,59.88796672963726,-3.5474573108346648,14.878260128590885,46.546031119161654
671,672,Axew,False,-5.748367714736003,-55.423461229852364,-13.4558771828986,15.560386566751419,-15.918549570303522
672,673,Fraxure,False,-34.66809097016719,-42.16556877725955,-2.075006613775886,-5.176900646368092,-4.2725864122204875
673,674,Haxorus,False,-54.7489680065353,-22.35145173934571,3.4313705794081892,-39.9062526639674,28.939130460691935
674,675,Cubchoo,False,-2.7720021139926048,-22.372835755806026,-18.77116217325618,43.0501421044165,-26.42763634750656
675,676,Beartic,False,-33.148428822435555,4.623749870418541,28.54104767468694,-6.280754665756373,-8.104155371144298
676,677,Cryogonal,False,41.95771921568345,62.530780579939695,-37.16633359559124,-36.58230676646914,-15.465935692376465
677,678,Shelmet,False,41.410258525967656,-32.73301592217228,25.312129660981686,30.406567588007892,-26.000520642984863
678,679,Accelgor,False,-7.842163130965923,31.47637669021261,-76.96220806894704,-32.38086251457668,10.752110218525642
679,680,Stunfisk,False,1.784534409369119,33.506726776082694,44.966790249192776,3.4505108481346936,-28.312177030918896
680,681,Mienfoo,False,-5.103006114636878,-30.78108038971874,-24.825581413718364,18.956867984473767,-5.0310731975990715
681,682,Mienshao,False,-43.955690015188146,5.045191921618532,-32.921205309312114,-13.777656208184062,33.07336342655541
682,683,Druddigon,False,-30.109702456964868,-10.374450227645086,40.10017325950842,-12.723639445381046,1.4339695915230237
683,684,Golett,False,-0.7351376091206805,-38.68270288760538,-1.9380905983509393,28.508620876868903,-37.14680296671824
684,685,Golurk,False,-41.66738700137173,-12.24209449620784,27.457799538261053,-16.541298238079893,-7.4389571760137345
685,686,Pawniard,False,-2.672882611237362,-49.35885222504273,-9.873780357796209,15.587453470877373,-5.00870091863858
686,687,Bisharp,False,-31.33864427050327,-25.70756849856864,21.191170638877608,-16.711088098517703,24.499910257641538
687,688,Bouffalant,False,-21.700033178394744,-14.409810075144652,43.24364680478599,-32.48334209815815,-15.419213614020169
688,689,Rufflet,False,-11.403796888135783,-33.10132778575359,-13.744943288641087,6.93229751006523,-30.900315285163774
689,690,Braviary,False,-45.90657512635672,-5.837664769352481,8.87726069810001,-31.90862332464651,-6.1274491597796015
690,691,Vullaby,False,20.014767574568374,-20.502410660372234,3.5947141870775745,0.5029744826936705,-24.601166074611456
691,692,Mandibuzz,False,9.386400083571978,10.58264522718967,31.2745144425548,-46.715293139218396,-20.453244055669362
692,693,Heatmor,False,-28.299085702008057,26.70410136625367,-2.225155965859134,10.771391837649473,8.10291398814534
693,694,Durant,False,-16.02420919108681,-47.20376113881649,-5.04380758851878,-35.167685491591264,39.855829192423
694,695,Deino,False,9.028202547461987,-31.860872618385567,-7.560381338933701,34.24080884240512,-29.752901973969553
695,696,Zweilous,False,-6.793292024971841,-6.438081877750253,5.392396800497948,4.234667852708709,-8.378225737711478
696,697,Hydreigon,False,-26.83499997086546,50.34338951700558,1.6684856460953728,-24.454052233017336,38.98702425001645
697,698,Larvesta,False,-6.457180187673905,-29.20053966755461,-13.569057954911713,13.456841256695661,-12.854793429860283
698,699,Volcarona,False,12.485595804218333,74.15718503291787,-19.77713477319534,-13.635226409462923,20.823380588953327
699,700,Cobalion,True,-3.203232023648068,4.556735090843731,15.619352302011693,-46.3810653832765,54.49116388511769
700,701,Terrakion,True,-39.94236593652946,5.376145592939064,3.568462061447921,-54.09270439923782,24.16013934561247
701,702,Virizion,True,2.184175822325334,47.36123492293285,-1.8650833485349114,-58.5630407982612,8.168479811087197
702,703,Tornadus Incarnate Forme,True,-35.91699879829314,42.68664039871321,-24.285686534022062,-21.49888161757655,43.24789251753844
703,704,Tornadus Therian Forme,True,-16.34623544649224,36.75139446517257,-21.23945151996787,-38.467868217733034,39.053979071808754
704,705,Thundurus Incarnate Forme,True,-35.916819799600205,42.68638263187107,-24.285631976160893,-21.498658805028946,43.24842612216344
705,706,Thundurus Therian Forme,True,-30.27474493955598,59.39764214286197,-21.589089221624512,-5.675440209299079,46.91781394004294
706,707,Reshiram,True,-33.344396213560636,80.57421942350173,25.107361668377262,-30.43006356344433,53.93219528995339
707,708,Zekrom,True,-58.037463640504846,40.13883648816624,38.07452097678711,-41.380074548346364,58.98298134991231
708,709,Landorus Incarnate Forme,True,-43.79661711582382,33.666369973791696,-0.4770670210654797,-27.856577776068647,43.087396616027156
709,710,Landorus Therian Forme,True,-59.83082716714127,21.88060781486139,9.380070559663118,-27.525409268003642,41.58972921956745
710,711,Kyurem,True,-62.580487098072474,63.78207520958257,14.163012559293321,-35.210342942234035,29.270864872311073
711,712,Kyurem Black Kyurem,True,-91.6008232120285,46.47076910507105,27.132628877174543,-46.728420217104684,43.514925909528095
712,713,Kyurem White Kyurem,True,-56.11316294717198,100.68035555146453,12.138888050584253,-23.809593781964317,44.7812271861652
713,714,Keldeo Ordinary Forme,False,1.6978583442702615,61.320425286320116,-11.493502681384356,-24.509458495014087,36.03474143584157
714,715,Keldeo Resolute Forme,False,1.6946737349166399,61.324895380169714,-11.494269265139545,-24.514453089633548,36.02391039588224
715,716,Meloetta Aria Forme,False,3.166689362925778,79.60994196375023,8.986060899530198,-30.23880814925464,17.03700742986594
716,717,Meloetta Pirouette Forme,False,-47.273566436556415,8.960395717776544,-12.377397910454143,-63.349150055225664,27.35376038140298
717,718,Genesect,False,-27.155584114645944,35.90865589356009,3.892956448659829,-25.68026152138195,56.03283199245671
718,719,Chespin,False,11.371644533057147,-32.39806835401972,1.3654012606410282,32.61737154354289,-24.32210604764594
719,720,Quilladin,False,4.8277780864609205,-27.452904433062194,16.052511971440126,5.987122017461449,4.675611860496075
720,721,Chesnaught,False,-21.93457345669057,-5.229548093024909,44.61396716671922,-18.620698728787847,24.364035622510748
721,722,Fennekin,False,32.49604193408485,-12.980395886284171,-31.63178357884659,29.73163583435895,-19.453300319412893
722,723,Braixen,False,15.537402407274145,14.549611709303488,-20.699722994820046,13.951940675725378,1.2805174439685276
723,724,Delphox,False,11.741707754689312,48.919053080602424,-18.064165023990128,-22.022332507387052,23.711348278195945
724,725,Froakie,False,16.908970040229573,-21.40783780731879,-41.86816001061312,26.984950264285704,-12.990794634800967
725,726,Frogadier,False,10.30936828065453,2.4860149405394396,-44.55007144460721,3.531367669626818,6.80300629244476
726,727,Greninja,False,-17.09265607257014,23.921493300090162,-38.66071569999846,-27.213841152339725,32.017287907692584
727,728,Bunnelby,False,34.34030291869561,-45.56037689435112,-37.71604127309734,33.21360207100672,-38.045790259905665
728,729,Diggersby,False,17.27743842277825,-4.773649933799122,0.4528177146954503,-21.56567191936097,-24.58733202921205
729,730,Fletchling,False,20.760353799562488,-38.861964935931255,-34.202884988318765,26.204013808640102,-29.54819864901755
730,731,Fletchinder,False,0.45735288779108796,-19.111800585389762,-29.862497819439536,-0.691885816394555,-10.607185825724313
731,732,Talonflame,False,-4.42723460958868,5.64276458650284,-38.235281637926896,-41.75325365879011,13.22351897356768
732,733,Scatterbug,False,31.3968741032971,-55.379232322265196,-25.926707466296662,51.192356736256706,-46.5281809855871
733,734,Spewpa,False,45.1853075485987,-53.851454323171595,-5.5332270771420955,48.16299775725367,-47.04585107767918
734,735,Vivillon,False,2.2743725314198002,22.173474675205764,-42.38113156025025,8.013876914641434,-15.093548246117917
735,736,Litleo,False,18.367431993558785,-1.0023666268328426,-25.863675919875604,16.13000008696903,-11.74424680921475
736,737,Pyroar,False,-4.37985565283913,40.29185093880542,-32.6145576550782,-13.790200509381512,14.009519557799786
737,738,Flabébé,False,45.44335781761999,-1.1139955848818697,-14.406337905603095,32.93587592379761,-32.27289967350068
738,739,Floette,False,42.759402254733196,19.87533637454617,-6.598622976049646,15.670772394863475,-22.73819120199553
739,740,Florges,False,37.217758869935544,77.49694464917846,16.97096738761379,-31.063672034963375,3.8081816802942012
740,741,Skiddo,False,4.076991402197631,-9.23671843159977,-13.404930436377972,23.092568909848715,-25.70749739162397
741,742,Gogoat,False,-41.80240614958113,43.29586646469119,8.311818209591062,-12.475399115648152,-16.906043696640143
742,743,Pancham,False,-9.466250339966875,-30.822752772475052,2.303904101767389,21.13730453460532,-24.34098730384706
743,744,Pangoro,False,-47.658541233164435,-1.9810562745090516,20.936222401780384,-9.763901675718518,-2.3738967668912285
744,745,Furfrou,False,3.193182876020382,7.929162835435436,-21.752023883524167,-34.34620546806704,-4.69821183357256
745,746,Espurr,False,21.965347999965825,-6.058755291347441,-22.168348845079485,12.971110399884788,-21.21612312767284
746,747,Meowstic Male,False,28.761829152446367,19.879218145340683,-23.735878528195617,-24.29407662562271,5.549004345565287
747,748,Meowstic Female,False,28.761795344729293,19.879256888759578,-23.735878701181672,-24.294110311263843,5.548907014413255
748,749,Honedge,False,4.684676132992358,-60.95509326988965,28.89581263258904,31.351857173509934,-3.4360877198119657
749,750,Doublade,False,-14.476453586097742,-58.17907370943113,67.94737482709436,5.922581907123161,32.49684547409974
750,751,Aegislash Blade Forme,False,-75.95682141465666,36.660675145758454,-18.73864342757956,43.80981234889479,53.3261750674842
751,752,Aegislash Shield Forme,False,70.04674944060484,3.639885077491266,76.31736518306383,-48.95670647619665,17.682299735402488
752,753,Spritzee,False,12.879818451742874,-1.0523505927247483,16.124597837441296,35.340114011032206,-38.982306583422606
753,754,Aromatisse,False,-6.7556545575995335,40.46237989619482,32.725903348380555,20.86208290913878,-19.573621910869957
754,755,Swirlix,False,23.109127821181453,-13.369448217933792,-1.9315290517315307,23.638923814436662,-23.11081549139554
755,756,Slurpuff,False,-4.4898348949334475,13.908136325494104,8.807941118831856,-6.196366273870522,7.22596709608212
756,757,Inkay,False,18.255384105058628,-37.65711299416533,-11.580921030345628,27.822715891365455,-34.26434325851107
757,758,Malamar,False,-13.578764680856882,-0.23145053346069064,13.585106064626103,-17.050034650565443,1.4270416215084323
758,759,Binacle,False,30.301299057187357,-38.42141039078399,-5.38113611172787,21.391837429404532,-19.440971597947918
759,760,Barbaracle,False,-8.552055660710485,-19.307180789431644,37.50621780451571,-27.464740505986125,17.768698504158994
760,761,Skrelp,False,17.522899809087058,-17.81653198997625,4.943957459278947,40.07070486188595,-20.461038294849686
761,762,Dragalge,False,25.96531467641435,38.386613512122516,41.77918770323536,0.5487257196508968,11.377769756030967
762,763,Clauncher,False,25.43275541466184,-17.063868648257657,-2.344928549006528,28.06073201928409,-18.413078353685147
763,764,Clawitzer,False,6.6630893290168185,41.873086559018546,15.580110523007214,13.51577533040195,24.74368566531541
764,765,Helioptile,False,28.604507917649432,-16.732745385921646,-48.088706834611344,30.993467497503115,-24.975048961701194
765,766,Heliolisk,False,24.349606155462848,43.84815532650576,-40.71805603258619,-13.684225839065636,15.08256805718085
766,767,Tyrunt,False,-9.577153496049643,-40.53716429069781,6.995555731429105,17.076904757450336,-8.570722524338434
767,768,Tyrantrum,False,-36.124075727379505,-20.755289551722175,33.400085551141665,-16.73833732298925,31.681269797102097
768,769,Amaura,False,5.751791120986765,2.186794881546925,-5.112105270984126,23.23290678065135,-32.13994329837206
769,770,Aurorus,False,-19.118414821556264,51.82219893799911,21.554969320578003,-8.264838977181586,-22.246071366567648
770,771,Sylveon,False,16.539402918439112,69.76966174436097,19.845643988707188,-11.657053150683499,-9.52442492697197
771,772,Hawlucha,False,-15.252718564681842,-0.24260270565772118,-31.162638676846864,-35.98681736254591,16.900873672043986
772,773,Dedenne,False,13.842346690637402,11.488950416433932,-38.20320160247905,-9.973616748459568,0.3089746389700192
773,774,Carbink,False,74.97105334939168,-0.419847429676164,80.25388908962702,-39.418400540951936,19.675589494955762
774,775,Goomy,False,34.68845716870963,-5.749729051181259,-14.773654068618008,33.503750127270095,-37.77624300392698
775,776,Sliggoo,False,19.856239844461758,36.751402861626325,4.929317129188091,-7.9132358369753515,-18.10440977563136
776,777,Goodra,False,1.0119463966246605,76.07723947619694,22.745988872601735,-46.72265777341515,6.15944274695169
777,778,Klefki,False,12.099446887889597,3.6791700304210146,8.675588443164937,-9.071137118887865,20.87699284708417
778,779,Phantump,False,10.203611868626533,-28.487168347888584,-7.2315276777974695,39.98155806124306,-18.721643559736155
779,780,Trevenant,False,-29.271610065460635,-1.8076654907556426,21.558091451220054,-9.516546122450007,-6.255157590572898
780,781,Pumpkaboo Average Size,False,15.53199808126857,-35.134097950759546,-1.312677906227756,18.018486340650078,-14.422987913336183
781,782,Pumpkaboo Small Size,False,17.883147722211486,-37.05342403053224,-5.619947529311049,16.18447200085108,-10.148633270320488
782,783,Pumpkaboo Large Size,False,13.194494472604422,-33.243026125411404,2.999833160205918,19.842079984296735,-18.68414981213582
783,784,Pumpkaboo Super Size,False,10.866585066161097,-31.36411409086939,7.329564271060869,21.65966832054503,-22.96124345834747
784,785,Gourgeist Average Size,False,4.86157313132819,-23.636729817464047,24.52869668768767,-28.409176930355777,30.405001338252784
785,786,Gourgeist Small Size,False,13.816398574894922,-26.178916680961375,11.806918569222887,-34.52397659579086,39.031943412642924
786,787,Gourgeist Large Size,False,-4.319788776187583,-20.884244772774313,37.49483077462653,-22.21713050057384,21.266868579960846
787,788,Gourgeist Super Size,False,-13.597557811688171,-17.739482500800737,50.3425116609591,-15.840085057526712,11.640760384120163
788,789,Bergmite,False,6.4226728623188825,-55.68392291339761,20.290103468279337,32.856388180997186,-21.686399723102497
789,790,Avalugg,False,-33.420237308713716,-57.966362742552874,109.10164489648521,-6.253561215305239,31.95832912451585
790,791,Noibat,False,37.543409102390285,-31.486852820115537,-38.83167001836233,38.79697117693652,-36.808405682998526
791,792,Noivern,False,4.83310951069235,31.28370007825729,-29.99255992695787,-40.651314699309054,20.85181605718311
792,793,Xerneas,True,-60.09247997636233,67.1328320814673,17.90543684513383,-42.80033487961331,33.46737832396168
793,794,Yveltal,True,-60.0913135144962,67.13267945400409,17.904718529250612,-42.80402603964304,33.46555175177334
794,795,Zygarde Half Forme,True,-17.141392366922947,20.41685994543274,34.5573391109607,-55.51020386167533,21.108657830765733
795,796,Diancie,True,31.33879867152104,29.928418849073246,84.42653551874557,-29.76534374517869,62.60870371885929
796,797,Mega Diancie,True,-47.50611520752031,54.7531755688567,7.6361484232836085,-26.87453237162366,114.28023209048017
797,798,Hoopa Confined,True,-22.154723604906966,94.24420802270495,9.836840764790598,2.676840563915998,34.11062165470651
798,799,Hoopa Unbound,True,-71.34133368342312,100.24764713375313,7.328414543296588,2.293917194436576,68.73013228480578
799,800,Volcanion,True,-22.090488122448242,41.21252864714492,36.340142031942484,-6.477851479481321,57.04562557215568
